:020000040800F2
:10000000E874002069020008B764000891530008F2
:10001000FD5C0008A90E0008DB9F0008000000003E
:10002000000000000000000000000000617A0008ED
:100030006917000800000000816B000809800008B3
:10004000830200088302000883020008830200087C
:100050008302000883020008B5180008BB180008D6
:1000600083020008C1180008C718000883020008AE
:10007000F5140008830200088302000883020008C8
:10008000830200088302000883020008830200083C
:10009000AD0E0008B50E000883020008CD18000858
:1000A000830200088302000883020008830200081C
:1000B0008302000883020008E5800008830200082C
:1000C00083020008830200088302000883020008FC
:1000D00083020008830200088302000835870008B5
:1000E000830200088302000883020008F1800008F0
:1000F00083020008830200088302000883020008CC
:1001000083020008830200088302000883020008BB
:1001100083020008830200088302000883020008AB
:100120008302000801150008830200080D1500086D
:10013000830200088302000883020008830200088B
:10014000C10E0008C90E000883020008B964000847
:100150008302000819150008830200084987000877
:10016000830200088302000883020008830200085B
:1001700083020008830200088302000800000000D8
:10018000830200088302000800F002F800F05CF827
:100190000AA090E8000C82448344AAF10107DA45E2
:1001A00001D100F051F8AFF2090EBAE80F0013F0D8
:1001B000010F18BFFB1A43F00103184714CC0000CD
:1001C00034CC00000A444FF0000C10F8013B13F04F
:1001D000070408BF10F8014B1D1108BF10F8015BA0
:1001E000641E05D010F8016B641E01F8016BF9D193
:1001F00013F0080F1EBF10F8014BAD1C0C1B09D1EA
:100200006D1E58BF01F801CBFAD505E014F8016B5B
:1002100001F8016B6D1EF9D59142D6D370470000ED
:100220000023002400250026103A28BF78C1FBD8FF
:10023000520728BF30C148BF0B6070471FB50CF094
:10024000F6FA1FBD10B510BD00F085F91146FFF795
:10025000F5FF0AF0D7FC00F0A3F903B4FFF7F2FFB3
:1002600003BC00F0A7F9000009488047094800478F
:10027000FEE7FEE7FEE7FEE7FEE7FEE7FEE7FEE756
:10028000FEE7FEE704480549054A064B70470000B3
:10029000D580000889010008E86E0020E87400207D
:1002A000E8700020E870002053EA020C00F069803A
:1002B0002DE9F04B4FF00006002B1FBFB3FA83F57A
:1002C00003FA05F424FA05F65E4012BF1643B2FAAB
:1002D00082F502FA05F4C5F120051EBF22FA05FCDD
:1002E00044EA0C04203556EA044C4FEA144418BF83
:1002F000641C4FF000084FF00009904271EB030CB2
:1003000039D3002919BFB1FA81F701FA07F6B0FA1B
:1003100080F700FA07F6C7F120071EBF20FA07FC96
:1003200046EA0C062037B6FBF4FCA7EB0507103FA6
:1003300007F01F0BCBF120062CFA06F60CFA0BFB8C
:1003400044BFB3460026202FA4BF5E464FF0000BEB
:100350005BEA060C08BF4FF0010B19EB0B0948EBE9
:100360000608ABFB027C06FB02CC0BFB03CCC01BDC
:1003700071EB0C01C1E70B46024641464846BDE819
:10038000F08B13B5084318BF4FF0FF300146AFF3B1
:100390000080BDE81C407047032A40F2308010F016
:1003A000030C00F0158011F8013BBCF1020F624410
:1003B00098BF11F801CB00F8013B38BF11F8013BA1
:1003C000A2F1040298BF00F801CB38BF00F8013B4E
:1003D00011F0030300F02580083AC0F0088051F8BE
:1003E000043B083A51F804CBA0E80810F5E7121DC9
:1003F0005CBF51F8043B40F8043BAFF30080D207E8
:1004000024BF11F8013B11F801CB48BF11F8012BB3
:1004100024BF00F8013B00F801CB48BF00F8012BD6
:10042000704710B5203AC0F00B80B1E81850A0E832
:100430001850B1E81850A0E81850203ABFF4F5AFB2
:100440005FEA027C24BFB1E81850A0E8185044BF0E
:1004500018C918C0BDE810405FEA827C24BF51F87B
:10046000043B40F8043B08BF7047D20728BF31F86F
:10047000023B48BF11F8012B28BF20F8023B48BFC0
:1004800000F8012B704702F0FF0343EA032242EA1F
:10049000024200F024B84FF000020429C0F012809C
:1004A00010F0030C00F01B80CCF1040CBCF1020F27
:1004B00018BF00F8012BA8BF20F8022BA1EB0C01FC
:1004C00000F00DB85FEAC17C24BF00F8012B00F8F2
:1004D000012B48BF00F8012B70474FF0000200B518
:1004E000134694469646203922BFA0E80C50A0E857
:1004F0000C50B1F12001BFF4F7AF090728BFA0E805
:100500000C5048BF0CC05DF804EB890028BF40F8D0
:10051000042B08BF704748BF20F8022B11F0804F12
:1005200018BF00F8012B704770477047704710B52F
:1005300000F00CF8006810BD10B5044600F006F895
:10054000046010BD00487047C8050020004870478F
:10055000C805002070477546FFF7F4FFAE4605005A
:100560006946534620F00700854618B020B5FFF7CE
:1005700089FEBDE820404FF000064FF000074FF025
:1005800000084FF0000BAC46ACE8C009ACE8C0096D
:10059000ACE8C009ACE8C00921F007018D467047FE
:1005A00010B50446AFF300802046BDE81040FFF7C9
:1005B00054BE000001491820ABBEFEE72600020031
:1005C000F0B585B0D8B11646CAB100251C46BBB1FE
:1005D00041F08001CDE902556F46CDE900558DF817
:1005E0000810A11C02AACBB2394607F061FC0546EF
:1005F00030B1B91C30462246FFF7CEFE00E00025A0
:10060000284605B0F0BD50B1E0B58DF807208DF853
:1006100006100DF10601022207F0BAFC8CBD002085
:10062000704700002DE9F84F2DED200B002800F059
:100630009281044600F1280500F11806443001902B
:1006400001F0DEF89FEDC6EA9FEDC6CA9FEDC6FA3F
:10065000DFEDC69A9FEDC69ADFEDC6AA9FEDC6AA4A
:10066000DFEDC6BADFEDC6CAB0EE408AB2EE04DAFC
:1006700000270DF128080DF13409F6EE008A0DF17E
:100680001C0A01F0BDF830EE480AB4EE4D0AF1EE56
:1006900010FA00F348814FF0000BC4E90ABBC4F81C
:1006A00030B0C4F840B041F26F70834500F2EA8088
:1006B0002068ADF818700597122105AA0623FFF7E8
:1006C0007FFFB8B3BDF91400BDF91610BDF91820AD
:1006D00000EE100A02EE102AB8EEC00AB8EEC22AE6
:1006E00020EE0E0A22EE0E2A20EE0C1A00EE101A50
:1006F00022EE0C2AB8EEC00A84ED031A84ED052A16
:1007000020EE0E0A20EE0C0A84ED040A20EE000A08
:1007100001EE010A02EE020AB1EEC0BAB4EE4BBA23
:10072000F1EE10FA80F1A98094ED100A3BEE000A78
:1007300084ED100A6068CDE90277002102AA08233F
:1007400000F049F978B39DF808000F282BD1BDF9C6
:100750000A00BDF90C10BDF90E2094ED0A3A94ED93
:100760000B4A94ED0C5A00EE100A01EE101A02EE3C
:10077000102AB8EEC00AB8EEC11AB8EEC22A20EEAE
:100780000F0A21EE0F1A22EE0F2A06F03EF833EE82
:10079000000A34EE011A35EE022A84ED0A0A84EDCD
:1007A0000B1A84ED0C2A0020BBF1000F20D00C287E
:1007B00025D0311891ED000A09EB000106F0E8F8A8
:1007C000C8BF81ED000A08EB000106F0E1F8B8BFF0
:1007D00081ED000A0430EAE7321808EB000192EDDF
:1007E000000A81ED000A09EB0001043081ED000AE6
:1007F0000C28F1D1F0EE4BDAF0EE4BEA0DE0B4EE5E
:100800006DBAF1EE10FAB4EE6EBAB8BFF0EE4BDA94
:10081000F1EE10FAC8BFF0EE4BEA00200C280FD022
:1008200008EB000191ED000A09EB000191ED001ABF
:100830000AEB0001043031EE400A81ED000AEDE7D9
:100840007EEEEDFAF4EE68FAF1EE10FA1ADC9DEDA8
:10085000070A05F00BFF15DC9DED080A05F006FF01
:1008600010DC9DED090A05F001FF0BDCB0EE490A32
:1008700000F092FF0BF1010B15E70BF0F3FAB0EE6D
:1008800040BA51E794ED100A002080EE2A0A84ED68
:10089000100A0C2808D02918043091ED000A80EEC7
:1008A0002A0A81ED000AF4E72068019900F05CF95A
:1008B000B0EE4A0A00F070FFF4EE68FAF1EE10FABA
:1008C0003FF7DFAE94ED100A30EE2B1AB0EEC11AEE
:1008D000B4EE681AF1EE10FA3FF7D3AE9DED071AA9
:1008E00006F015F83FF7CDAE9DED081A06F00FF8AB
:1008F0003FF7C7AE9DED091A06F009F83FF7C1AE04
:1009000094ED0A1A05F050FE3FF7BBAE94ED0B1ABA
:1009100005F04AFE3FF7B5AE94ED0C1A05F044FE23
:100920003FF7AFAE09E017480E49B0EE4C0AC4E9F4
:1009300010100020C4E90A0020639FED131A40F252
:100940000110A4F84A0081EE000A84ED0D0A84ED3E
:100950000E0A84ED0F0ABDEC200B01B0BDE8F08F4C
:1009600000004039CDCC1C4158A08B3A9A99193ED1
:100970006F12033A0080BB450AD7A33BCDCC1CC104
:100980000AD7233C00002042C3F51C41BCB500241B
:100990000D460DF10702002101238DF807408DF867
:1009A0000640FFF70DFEA0B10DF10602284600211A
:1009B0000123002400F00FF858B19DF806009DF8BF
:1009C000071080F00F0081F01E010843B0FA80F09C
:1009D00044092046BCBDF0B585B0F8B11646EAB171
:1009E00000251C46DBB141F08001CDF80750ADF881
:1009F0001250CDF80E5001950DF10D028DF80D102D
:100A0000611C01AFCBB2394607F052FA054630B14E
:100A1000791C30462246FFF7BFFC00E0002528463F
:100A200005B0F0BD50B1E0B58DF807208DF8061087
:100A30000DF10601022207F0ABFA8CBD00207047D1
:100A400010B5E8B30146044651F80C0B00F03AF833
:100A5000B0B394ED030A94ED0D3A94ED041A94EDBD
:100A60000E4A94ED052A94ED0F5A606804F11801BE
:100A700023EE000A24EE011A25EE022A84ED030A71
:100A800084ED041A84ED052A00F044F8C0B194F80E
:100A90004A0098B194ED060A94ED0A3A94ED071ACB
:100AA00094ED0B4A94ED082A94ED0C5A30EE430A6B
:100AB00031EE441A32EE452A05F0A7FE012010BDA2
:100AC000002010BDBCB50C4600216D460623ADF8D4
:100AD0000410009112212A46FFF772FDA0B19FED8C
:100AE0000B0A9FED0B1A002103290DD035F91120B7
:100AF000013102EE102AB8EEC22A22EE002A22EEBE
:100B0000012AA4EC012AEFE7BCBD00BF0000403978
:100B1000CDCC1C41BCB50C4600216D460823CDE967
:100B2000001100212A46FFF756FF9DF800100F39EB
:100B3000B1FA81F149090840012812D19FED090A53
:100B4000002103290DD005EB41020131B2F9022049
:100B500001EE102AB8EEC11A21EE001AA4EC011A17
:100B6000EFE7BCBD58A08B3ABCB540B300240D469E
:100B700031B30DF1060222210223ADF80640FFF742
:100B80001FFDE8B19DF807000024802818D09DF8CB
:100B90000610B4EE001AB3EE072AC90041EA50105D
:100BA0000849B4EB902F18BF084300EE100AB8EEC6
:100BB000C00A012400EE012A85ED002A00E000248D
:100BC0002046BCBD00F8FFFF28B1D0F87A0010B174
:100BD000012180F849107047BCB5002800F0DE8084
:100BE00004460068002800F0D980616800250029CB
:100BF00000F0D5800DF10702002101238DF8075088
:100C0000FFF7DEFC9FED6D0A00F0C6FDD4E90001A0
:100C1000FFF7BCFE002800F0C28020687E21B622CB
:100C2000FFF7F1FC002800F0B9809FED650A00F0A5
:100C3000B3FD20687C2100220025FFF7E4FC00289A
:100C400000F0AD8020687D210422FFF7DCFC002548
:100C5000002800F0A4809FED5B0A8DF8065000F09C
:100C60009BFD20680DF106027D210123FFF7A8FC02
:100C7000002800F0948020684021AB22FFF7C3FCDD
:100C80000025002800F08B809FED4E0A8DF805505E
:100C900000F082FD20680DF1050240210123FFF7DD
:100CA0008FFC00287BD09DF80500AB2877D1206809
:100CB00041210122FFF7A7FC002500286FD09FEDFE
:100CC000410A8DF8045000F067FD206801AA412117
:100CD0000123FFF775FC002861D09DF8040001286E
:100CE0005DD1206853210822FFF78DFC002855D0E4
:100CF000206858210422FFF786FC00284ED0606847
:100D00001421B622FFF78EFE002847D09FED2E0A51
:100D100000F042FD60680F2100220025FFF782FEEF
:100D2000E8B39FED280A8DF8035000F035FD6068A8
:100D30000DF103020F210123FFF74DFE78B39DF85B
:100D4000030060BB606810218122FFF76BFE28B3AF
:100D50006068112100220025FFF764FEF8B1606889
:100D600015218022FFF75EFEC0B1606816210122C6
:100D7000FFF758FE90B1606818210122FFF752FE7C
:100D8000002560B14FF07E5000210C2909D0621877
:100D90000431506395629561D560F6E700252846D9
:100DA000BCBD0A490A4A0020012584F84B00606254
:100DB000A4F84850C4E91021F1E700BF6F12833A4C
:100DC0006F12033B0AD7233CA69B443B0000204202
:100DD000CDCC1C41B0B52DED0E2B002850D00546D2
:100DE0004C200AF0EBF800284AD04C210446FFF7CB
:100DF00074FB2B4840F60801A060ADF82210CDF836
:100E00002500CDF80D00CDF82940CDF81140296816
:100E10006A68D5F81500CDE906122989ADF82010C9
:100E2000297B8DF8241040F20771ADF80A10D5F82F
:100E30001910CDE90001B5F81D00ADF8080095F8CE
:100E400021008DF80C0006A806F0DAFF2060684645
:100E500006F0D6FF2168606079B170B195F82A007C
:100E60009FED108A84F84A002046FFF7B5FE60B96E
:100E7000B0EE480A00F090FCF6E720460AF02EFAA1
:100E800000242046BDEC0E2BB0BD94F84A0010B1F2
:100E90002046FFF7C7FB0120A4F84800F1E700BF98
:100EA000C90B0008CDCCCC3DFEE70000034801F0A3
:100EB00023BA00BF014801F01FBA00BFF02500208F
:100EC000034801F019BA00BF014801F015BA00BF8C
:100ED00018260020002070470020704710B51D4CD8
:100EE00005490022204607F0C4FD0E49204607F0C0
:100EF000B3FD002010BD00BF0416002010B5096826
:100F000019B1074A126802B19047124C05492046B0
:100F100007F0A2FD204607F07DFD002010BD00BFB8
:100F2000606C0020040E00200020704710B50A46B7
:100F300001460848D0F8BC02D0F8140208B10120DC
:100F400010BD044C204607F094FD2046BDE810403B
:100F500007F002BE142300201B4C204600F03CF892
:100F60001A4D286004F1110000F036F8184C194EA3
:100F7000686094ED020A3068B1EE400A85ED020A1D
:100F800010EE102AD0F809102868130A80F82330D0
:100F9000130C80F82220120E80F8261080F82430DE
:100FA00080F8252081F000420B0C090A80F82710F8
:100FB000110EEA6080F8283080F8291000F0FCF962
:100FC000022009F041FED4E7080000203409002087
:100FD0008C090020602F00202DE9F04F99B0DFF838
:100FE000F0A280469AF80000002840F0B880DFF8B0
:100FF000E492B94DC44CC54E002101200DF13C0BCB
:10100000B6A7169015911790CDE90F11CDE91111E2
:10101000CDE913014846594601F07AF838B100206D
:10102000394622463346009506F0A8F9F2E701203A
:101030000021DFF8DC92B44CB44F0FF2D82B0C90A7
:101040000D9009900E200B91CDE90511CDE9071106
:101050000E900A9005AE4846314601F059F828B185
:1010600000205946224605F093FAF4E7BF4AC04BE8
:10107000B3A10020009506F081F9964CDFF8F492B8
:10108000A14EA24F204601F0BAFB28B100204946EC
:10109000324605F07DFAF5E7DFF87492B64C9A4EC9
:1010A0009A4F484601F0ABFB28B10020214632465A
:1010B00005F06EFAF5E7DFF81C92B04E924C934FB4
:1010C0004846022100F0D0FF28B1002031462246D8
:1010D00005F05EFAF4E7DFF83892A94E8A4C8B4FA0
:1010E0004846022100F0C0FF28B1002031462246C8
:1010F00005F04EFAF4E7DFF8DC91A24E824C834F04
:101100004846102100F0B0FF28B1002031462246A9
:1011100005F03EFAF4E7DFF8F8919B4E7A4F7B4CEE
:101120004846102100F0A0FF38B1002031463A4671
:101130002346009506F022F9F2E78C4C8C4E934939
:10114000002000952246334606F018F90120904908
:101150002246334600958AF8000005F077FAB8F188
:10116000000F1CD0D8F80000B0B1B8F8071099B142
:10117000B8F8052082B198F80420531E022B0BD238
:10118000012A18D19AF80120082A1ED152490025B7
:10119000CDE90001854906E04F48854901E04E4808
:1011A000844900250090584A584B05F04FFA2846CC
:1011B00019B0BDE8F08F9AF80220082A12D14649EA
:1011C0000025CDE900017449EDE70AF10403BAB145
:1011D00010CB013A648D8C42F9D13F4A8DE807006B
:1011E0006E490BE00AF1240352B110CB013A648D31
:1011F0008C42F9D1384A8DE8070066490025D2E7CC
:101200003F2009F0DBFE002859D03F210546FFF7BB
:1012100042F9BDF8114098F80420D8F800300821B0
:10122000B8F80500A9610021A5F81D409DF81340FC
:101230002B60022A274B69612961E960A860297740
:101240002884EC77324C08BF2146012A18BF0B4690
:101250006B60B8F80730012A6B85D8F80960D8F8B8
:101260000D70C5F83760C5F83B7013D19AF80110BE
:101270000AEB8102013155608AF80110164A29688B
:10128000CDE90232394A3A4BCDE90010444905F024
:10129000DDF96968A1427FF48AAF9AF802000E4B2B
:1012A0000AEB800101304D628AF802002868298C1F
:1012B0006A8D8DE80F003B492C4A2D4B75E7D8F815
:1012C000000005490025CDE9000137496BE700BF63
:1012D000E4060020F0250020AFC900082020257377
:1012E000257343414E31204649464F302046696CB4
:1012F00074657220436F6E666967204572726F7203
:101300000D0A257300000000B4C90008A6C9000832
:101310001826002020202573257343414E32204695
:1013200049464F302046696C74657220436F6E6683
:101330006967204572726F720D0A25730000000004
:1013400020202573257343616E204D41534B204669
:10135000696C74657220496E697420737563636586
:10136000737366756C6C790D0A257300BCC900082F
:10137000A9C9000808CB000825CB0008A7CB0008A6
:10138000D6CB000805CC000834CC0008E5CC00081A
:101390000DCD0008A4CC0008C8CA000863CC000822
:1013A000FCC9000842CA00082DCD000888CA000800
:1013B00071CB0008CCC90008BCB568B10446002553
:1013C000606800F085FF80B9681C642D0546F7D37E
:1013D0000D480E49002402E00B4800240EA10090A5
:1013E0000B4A0C4B05F032F90CE0012004F1080126
:1013F00004F122020190606801AB00F048FEB0FAEF
:1014000080F044092046BCBDAFC9000842CB0008AB
:10141000B4C90008A6C900082020257325734361BC
:101420006E205472616E736D6974204661696C65DB
:10143000642C20496E7374616E6365206973204E5D
:10144000554C4C0D0A25730010B5054C2068C06A38
:1014500005F0B2FC2068006BBDE8104005F0ACBCA4
:1014600088070020A8B1A1B1B0B50D4B00229C8C1B
:101470008A4210D224040ED05C8C1C5D845401324C
:101480005D8C9C8C0135013C05F01F059C845D84BE
:10149000EEE7002201E0BDE8B04090B2704700BF27
:1014A000646C002010B588B08DF80A0010EE100AA8
:1014B0004BF2730400238DF80B1020218DF80C20C3
:1014C000CDF8020010EE900AADF800406524CDF88A
:1014D0000D30CDF81130CDF81530CDF81930ADF80C
:1014E0001D30CDF8060068468DF81F40FFF71EFD41
:1014F00008B010BD014801F001BA00BF002700206C
:10150000014801F0FBB900BF60270020014801F04D
:10151000F5B900BFA0260020014801F0EFB900BFD7
:10152000C027002010B501686FF00F02182308A42F
:1015300052FA81F2B2FBF3F3E35C40F2FF34A143D1
:101540005F2A88BF0431C0E91613084610BD00BFEA
:101550000006101600061016B0B5046880682568ED
:101560004028084625F480252560636008BF1046A2
:10157000A06008BF0A46E260B0BD000010B50E4989
:101580004FF47A740A6842F080720A600B490022B4
:101590004A600B6843F001030B60094BC449584390
:1015A000B0FBF3F3B0FBF4F4C1E90304C1E9053285
:1015B000BDE8104000F0DAB8FCED00E0001000E0FB
:1015C00040420F002DE9F04F85B0424E424F0DF1E1
:1015D000130A4FF0000806F128000390DFF82C9161
:1015E000DFF82CB13DA5732450460121FFF73AFFE7
:1015F00001286CD1307860B170781F2818D89DF818
:101600001320311881F82820411C1F287170EBD15C
:1016100018E09DF813007328E6D106F129001F2178
:10162000FEF739FF40F2011086F828403080DBE7F2
:10163000002029464A465B46009705F09FFEA6F823
:101640000080D1E796F84700324933A234A304F072
:10165000A6FF0398706096F84700652829D196F890
:1016600029003C493CA23EA34FF0000804F097FF3C
:101670003C48D6F804B096F829700125002490F86B
:1016800000905FFA88F081451CD306EB80008068EB
:1016900060B14178B94207D180F8265006305946EA
:1016A0002022FEF779FE01E080F8264008F10108CB
:1016B000E7E7CDE9000700201AA14A465B4605F09E
:1016C0005DFE0024044F4FF00008348086E705B02B
:1016D000BDE8F08FB4070020AFC9000820202573B3
:1016E00025735061636B6574206C656E6774682048
:1016F0006572726F722C20726573657474696E679F
:101700002073746174650D0A25730000C4C9000854
:10171000ACC900085DCD00081B5B313B33346D0064
:10172000443A0000202025732573496E76616C6968
:1017300064207061636B65743A2077726F6E672006
:10174000656E642062797465203078253032580DDA
:101750000A2573009FCD00081B5B313B33326D00BF
:10176000503A00008E0100207047000081B05048C0
:10177000017879B9012101704C490A680092C26967
:10178000009B934202D28269013282610968002281
:101790000270C16101B070474448454A016892ED4A
:1017A000031AB8EE411A21EE000A0268521A01EE3D
:1017B000102AB8EE411AB4EE410AF1EE10FAF4DC48
:1017C000704700BF80B52DED047B38490968019151
:1017D000374991ED030A0168019A019B0360501A91
:1017E000B8EE400A01EE100AB8EE411A81EE008A06
:1017F000FFF7BCFFB0EE480ABDEC047B80BD00BF24
:1018000080B500F01FF80C489FED0C2A818890ED00
:10181000080A008901EE101AB8EE400AB8EE411A23
:1018200001EE020A01EE100A9FED052AB8EE411AF8
:1018300001EE020A80BD00BFFC0700206F12833A50
:10184000BD3786352DE9F843184800680090FFF74A
:101850008DFF174D4FF0FF3100240023D5E90369B8
:10186000D5E90580009FE0FB0174324638462146E9
:10187000FEF71AFD2862A0FB060201FB06213E1AB4
:101880004A4630468C4100232146FEF70DFDA880D4
:1018900080B2424600FB09F0301A64F100010023D7
:1018A000FEF702FD2881BDE8F88300BF041000E0C8
:1018B000FC070020012001F0A9B9022001F0A6B91F
:1018C000082001F0A3B9102001F0A0B9202001F0F8
:1018D0009DB972B6FEE7143090EC040A7047000020
:1018E00010B586B004460A480DF1080C019008A016
:1018F000031D00690ECB05902046ACE80E0001A93F
:1019000000F05AF8204606B0BDE8104000F00AB8D2
:10191000000000000000003F0000FA440000F04119
:101920000000000070B500254FF07E5604461921D6
:10193000456446611830FEF7D0FD94ED010AB0EE23
:10194000001A01201749194B174A84F84050C4E97E
:101950000D55E56384F854004FF0804031EE400AA5
:10196000B0EE081AE0640E4880EE010AC0E90551A5
:10197000216943624FF07C53C0E90126C0E9035559
:101980008263C0E90C55C0E90A65C0E907233C3011
:10199000A164142184ED140AFEF79FFD70BD00BF01
:1019A000BC0800206F12033BCDCCCC3D0AD7233CB2
:1019B000143080EC040A7047B0B5044608789FEDF7
:1019C000250A0D4620704868606091ED021A21EEEC
:1019D000002AB5EE401A9FED200AF1EE10FA08BF7A
:1019E000B0EE402A91ED031A84ED022AB5EE401ABA
:1019F000F1EE10FA0BD09FED190A21EE000A0AF061
:101A000069F9B6EE001A20EE010A20EE000A84ED14
:101A1000030A95ED010A2869B5EE400A2061A06429
:101A2000F1EE10FA01D0286908B90B48E06094F88B
:101A3000540094ED010A08B984ED130AB0EE001ABF
:101A400031EE400AB0EE081A80EE010A84ED140A65
:101A5000B0BD00BF48E17A3FFFFF7F7F35FA8E3C83
:101A600070B52DED146BDFF80054B0EE40DAB0EE37
:101A700041BA00F12401B0EE43EAB0EE628AB0EE62
:101A8000429AB0EE61AAB0EE60CA0446B0EECD1A3A
:101A9000C1EC031A85ED063A90ED020A04F0BCFE93
:101AA00009DCB0EECC1A04F0B7FE04DCB0EECB1AC1
:101AB00004F0B2FE0FDD04F114030FCB8DE80F002C
:101AC0002046FFF72FFF012004F1140684F83000B0
:101AD0009DE80F000FC694F8540088B194ED131AD6
:101AE00094ED142A94ED010A02EE4E1A84ED131AB5
:101AF00004F092FEBEBF002084F8540084ED130A67
:101B000020789FEDDAFA022816D294ED050AFEEE4F
:101B1000008A94ED061A94ED083A94ED072A40EEF7
:101B2000008A63EE02AA61EE039A43EE038A41EE55
:101B300000AA40EE429A1EE0F0EE4FAAF0EE4F9A55
:101B4000F0EE4F8A17D194ED050AF6EE008A94ED77
:101B5000072A94ED083A94ED061A40EE408A60EEAA
:101B6000029A22EE032A43EE438A00EE012A41EE56
:101B7000439AF1EE42AA0120B5EE408AF1EE10FA46
:101B800084F840000ED1B5EE40AAF1EE10FA09D16A
:101B9000B5EE409AF1EE10FA04D1F0EE4FBAF0EE45
:101BA0004FCA62E0B0EE4A0AF0EE490AB0EE481AB7
:101BB00008F05AFB04F076FFF0EE40BAF0EE60CA8F
:101BC000F0EE41DA08F0C3FB30EE200AF0EE6C0ACA
:101BD00004F068FF71EE00EAB0EE6B0AB0EE6D1A29
:101BE00008F072FBF5EE40EA04F011FFF1EE10FA96
:101BF00005DA04F0D4FE08F037FB04F008FF04F027
:101C0000CEFEC4ED0D8AC4ED0E9AC4ED0FAA08F005
:101C1000A5FB94ED031A04F063FF02DD012101200E
:101C200004E000206FF0080184F84000D4E911239B
:101C30001144994205DD0020226984F84000A06427
:101C400001E02269A2649142D8BF0A46F0EE4FBA81
:101C5000F0EE4FCA002948BF0022626428B9B0EEF6
:101C60006AFAF0EE69BAF0EE68CA814EF6EE001A32
:101C700004F057FFB047D4ED131A04F0C8FEB0EEDD
:101C80006C0AF0EE6B0AB0EE4F1AB04704F044FE57
:101C900004F085FE08F0D9FA94ED05FAD4ED068A31
:101CA000D4ED079AD4ED08AAF0EE4E1AB04728EE0C
:101CB000C02A29EE813A2FEE204A28EEA05A09EEDA
:101CC000E02A0FEE003A08EEC14A0FEE015A0AEE82
:101CD000C12A0AEEE03A0AEE804A09EEC05A3FEE07
:101CE000022A38EE833A39EE844A7AEE851AB0EE4B
:101CF000420AF0EE430AB0EE441A08F0F7FA04F193
:101D0000140080EC040A2868002800F0AA8004F07F
:101D100008FFF0EE4A1AB0EE492AF0EE482A03F026
:101D20009FFE95ED0E0AB7EE001AD5ED0B0A95ED64
:101D30000A3A95ED035A95ED024AD5ED0C2A95ED38
:101D4000046AD5ED0D3A95ED057A4B49D4ED074A75
:101D5000D4ED085A31EE402A62EE200A22EE033A10
:101D600062EE222A22EE232ADFED443A45EE000AF3
:101D700004EE003A46EE002A07EE002A9FED3D0AE7
:101D800060EEA01A43EE031A42EEA21A42EE021AC5
:101D900011EE900A21EE800AA1EB600001EE900A9C
:101DA00020EE210A40EE213A23EEA10AD4ED063AB4
:101DB000D4ED051A22EE002A62EE802A60EE800A37
:101DC00023EE000A95ED083A23EE855A85ED0D2A9B
:101DD00095ED092AC5ED0B0A85ED0A0AC5ED0C2A19
:101DE00001EE845A04EE865A05EE875AB0EEC54AD3
:101DF00073EE420A31EE444A00EE842AB4EE432ADE
:101E0000F1EE10FAC8BFB0EE432A31EE423A94ED3B
:101E1000051A22EE000A94ED064A94ED075A94ED55
:101E2000086A03EE010A84ED050A95ED0B1A62EECD
:101E3000010A43EE040AC4ED060A95ED0C1A22EEDF
:101E4000011A03EE051A84ED071A95ED0D4A62EEAC
:101E5000041A43EE061A08F049FA04F1140080EC63
:101E6000040ABDEC146B70BDBC080020000000002B
:101E700041A3000812D336BF12141F5FFF51D83F91
:101E8000FFF7EEBD00EE101AB7EE001A002201EBCC
:101E90008103B8EE400AC0E90132C0E90322426181
:101EA00081EE000A9FED031A20EE010A80ED000A80
:101EB000704700BFFDAD003E10B52DED0C8B90EDD1
:101EC00003BA90ED04CA90ED05DA0446F0EE4B1A21
:101ED000B0EE4C2AF0EE4D2A08F0BEF9B0EE41AA61
:101EE000B0EE408AB0EEC01A9FED190AB0EE609ACB
:101EF00004F092FC09DCB0EEC91A04F08DFC04DC9D
:101F0000B0EECA1A04F088FC06DD0020A06004F0E0
:101F1000B2FBBDEC0C8B10BDD4E90110884201D29C
:101F20000130F3E7D4ED001A04F0A5FB08F008FA3D
:101F300004F0F2FCB0EE4B0AF0EE4C0AB0EE4D1A93
:101F400008F083F904F10C0080EC030ADFE700BF1E
:101F5000295C8F3D354803F09BFF354C0021206004
:101F600004F0FEF8206890ED1A0AB5EE400AF1EE92
:101F700010FA08D104F080FA2068016D8166012012
:101F800008F062FEEEE72B4D9FED2D9A9FED2E8A15
:101F90009FED2CAA294E9FED28BAE87A022807D196
:101FA00000F054F803F010FA206890ED1A0A19E0D6
:101FB000A87A022809D131682068D1F80D1081F083
:101FC0000041816600EE101A0CE02068B5F902109D
:101FD00001EE101A90ED1A0AB8EEC11A01EE0B0AC2
:101FE00080ED1A0AB4EE490AB0EE491AF1EE10FA81
:101FF00006DBB4EE4A0AB0EE4A1AF1EE10FA03DD3F
:10200000B0EE410A80ED1A1A04F0C0F82068B0EE74
:10201000480AF0EE480A90ED1C1A04F0B5F9206861
:1020200004F02AFA012008F00FFEB6E7D8010020DC
:10203000642F0020F42F0020B00FA134602F002067
:10204000295C8FBD7B142E3F000000000448054929
:10205000407D0138B0FA80F040090870704700BF39
:10206000F42F0020D809002090F82020013A012AFE
:1020700004D8006800F11402002004E000F12402FA
:1020800001204FF48021136819431160704770B527
:1020900090F820600468013EA568012E0DD815F067
:1020A000E05F0DD0C5F30160012585401D608B68A0
:1020B00063B14D6843EAC5030AE004F04FFC23E036
:1020C00000F1240101204FF400121DE00B685B05B4
:1020D00004EB0010D1E903452343C0F88031C0F878
:1020E0008451097D012905D100F5C2710B6843F4C3
:1020F00080730B605168C0F88C1111680122C0F820
:10210000881100F5C07100200B681A430A6070BD89
:10211000F0B590F82020013A012A27D82F4802680C
:1021200042F001020260026822F47C5202604C69B3
:10213000CD694A6A036843EA02220123026004F07F
:102140001F0203FA02F2C3699343C361D343012D13
:1021500012D025BBC5681D40C56000EBC405CE6824
:102160008F8847EA06462E640D4611E0416A41F425
:10217000802141620120F0BDC5681543C56000EBB8
:10218000C4050E688F8847EA06462E6401F10C05E7
:102190008E682D8800EBC40445EA064565644468F2
:1021A0008F690E69096A44EA0205002F08BF04EA34
:1021B00003054560002E446944EA020508BF04EAAD
:1021C00003050129456102D1C1691143C16101685B
:1021D00021F0010101600020F0BD00BF0066004059
:1021E000704790F82020013A012A84BF00207047F0
:1021F0001022002908BF0C220068805800F003005C
:10220000704770B590F82040013C012C03D8046859
:1022100021B1256903E004F0A1FB55E0E568AD07B5
:1022200048D004EB0114D4F8B05115F004059560C2
:1022300004F5D875D4F8B06119BFF6085660760D6C
:1022400016602D6805F00205D56004F5DA75D4F83E
:10225000B46136075ABF2E6806F00F0608261661CD
:102260002E68C6F3072696612D682D0C5561D4F8AB
:10227000B8211A7004F0B2F9120A5A7004F0AEF9DB
:10228000120C9A7004F0AAF9120EDA7004F057F9E1
:102290001A7104F054F9120A5A7104F050F9120C30
:1022A0009A7104F04CF9120EDA71006841B100F134
:1022B000100107E000F1240101204FF4001203E0B7
:1022C00000F10C01002020220B681A430A6070BD47
:1022D00090F820100139012984BF00207047006860
:1022E000816882688068C1F38061C2F3C062C0F314
:1022F00000701144084470472DE9F84F0446006807
:102300004669D0F804908768D0F80CB0D0F810A0D7
:10231000D0F81880F10701D1002545E0F9070FD06A
:1023200001218160B80708D4780720D4380700F16C
:10233000B980204600F089FA02E0204600F086FAD3
:102340000025F80518D520684FF480718160B80524
:1023500009D478050ED438054EBF05F580452046D2
:1023600000F075FA08E0204600F072FA04E04FF43D
:102370000065E6E705F50055F80315D520684FF42C
:1023800080318160B80309D478030BD438034EBF81
:1023900005F58035204600F05CFA05E0204600F0A7
:1023A00059FA01E005F50045300748BF5FEACB6008
:1023B00050D4700748BF5FEA0B7051D4B00706D500
:1023C0002068C068800702D0204600F083F97006BC
:1023D00048BF5FEACA604AD4B00648BF5FEA0A70E5
:1023E0004BD4F00606D520680069800702D020464D
:1023F00000F0B6F9B00348BF5FEAC96044D4F00307
:1024000048BF5FEA097046D4300464D55FEA49707A
:102410005ED5C6F30021F005023101EA0801B205DC
:1024200058BF08EAD071720508F0040048BF0144A3
:102430000D4330054CD518F0700049D01038000914
:10244000052840D8DFE800F0033134373A3D45F045
:10245000080538E02068102145F40075C160A8E740
:1024600020680821C160204600F032F9A6E7206804
:10247000102145F480650161AEE720680821016103
:10248000204600F06BF9ACE720681021416020463F
:1024900000F0B4F9B3E7206808214160204600F05D
:1024A000DAF9B1E74FF480554BE745F010050AE043
:1024B00045F0200507E045F0400504E045F08005C3
:1024C00001E045F480752068816921F07001816127
:1024D0002068042141603DB1606A28436062204663
:1024E000BDE8F84FFFF77CBEBDE8F88F70B598B136
:1024F000044690F8200010B9204600F065F804F07A
:1025000053F9054620684168C90707D100F068FC07
:10251000401B0B28F6D311E0012070BD016821F0AB
:102520000201016000F05CFC0546206841688907F3
:102530000BD500F055FC401B0B28F6D3606A052133
:1025400040F40030606201203AE0217E026822F00F
:102550008002012908BF80320260617E026822F099
:102560004002012908BF40320260A17E026822F0C9
:102570002002012908BF20320260E17E026822F0B9
:102580001002012918BF10320260217F026822F078
:102590000802012908BF08320260617F026822F048
:1025A0000402012908BF04320260261D6ECE1A43C0
:1025B0002A43013932431143C16100200121606285
:1025C00084F8201070BD0000B0B586B0044601A8A4
:1025D0001421FDF782FF20683849884226D0384907
:1025E000884268D1384801684A1C0260354851B9B0
:1025F00000210091016941F000710161016901F060
:1026000000710091009900211524142500910168A2
:1026100041F008010160006800F00800009003200C
:1026200001900098294800F5006029E00021254824
:10263000254B0091026942F08062026102691C68C8
:10264000651C02F080621D600092009A4CB90091F6
:10265000026942F000720261026902F000720092A7
:10266000009A009141244025016841F00201016077
:10267000006800F00200009060200190009813486C
:102680000921059103210491002103910221029166
:1026900001A900F0C5FA28460521002200F02AFD14
:1026A000284600F019FD20460521002200F022FDF9
:1026B000204600F011FD06B0B0BD00BF006800402C
:1026C0000064004030380240DC0900200004024071
:1026D000704700007CB500210446FFF782FDC0B2C0
:1026E000072807D312493F4A3F4BCDE9000111A10A
:1026F00003F0ACFF3E4E2046002106F1440506F1F2
:1027000060032A46FFF77DFD3A48844207D03A48E5
:10271000844218BF7CBD06F12402B01C01E0321DCA
:10272000701C0178284602B0BDE8704007F02BBC51
:10273000AFC900082020257325735258204649460A
:102740004F30204D65737361676520436F756E74FC
:102750002069732025640D0A25730000704700006E
:102760001CB501210446FFF73CFDC0B2072807D382
:1027700011491C4A1C4BCDE9000110A103F066FF72
:102780001A4A2046012102F11C03FFF73AFD1949BC
:1027900017488C4207D018498C4218BF1CBD00F165
:1027A0002402023001E0021D013001780F4802B01E
:1027B000BDE8104007F0E7BBAFC900082020257333
:1027C00025735258204649464F31204D6573736139
:1027D000676520436F756E742069732025640D0A48
:1027E00025730000C4C90008ACC90008B409002062
:1027F000E4060020F0250020182600207047B0B520
:10280000044690F82000012816D1022084F8200008
:102810002068016821F00101016000F0E1FA05463D
:1028200020684068C0070DD000F0DAFA401B0B2882
:10283000F6D304F040F803E0606A40F400206062E0
:102840000120B0BD00206062B0BD70477047704786
:10285000704770477047704770B5866D044600F04A
:10286000BFFA054694F8350002281ED12068216C75
:10287000026822F016020260426922F08002426180
:1028800009B9A16C19B1016821F008010160016862
:1028900021F0010101600068C0070AD000F0A0FA31
:1028A000401B05280FD82068F5E7802060650120CF
:1028B0000EE0E06D3F2101FA00F0B060012084F8E5
:1028C0003500002004E020206065032084F83500F6
:1028D000002184F8341070BD90F83510022909D118
:1028E000052180F835100068016821F001010160C0
:1028F000002070478021416501207047F8B50446EB
:102900000020534A08210090D4E916601568376802
:10291000814039420CD0226813685B0708D51368E0
:1029200023F004031360B160616D41F00101616542
:1029300001218140394208D022685269120604D52B
:10294000B160616D41F0020161650421814039424D
:1029500008D022681268920704D5B160616D41F019
:102960000401616510218140394217D02068026856
:10297000120713D5B16002680168520306D4C90575
:1029800006D4016821F00801016001E0080301D4C8
:10299000216C00E0A16C09B120468847E16D202040
:1029A00000FA01F23A4233D020680368DB062FD5E3
:1029B000B26094F835300268052B15D122F016026A
:1029C0000260426922F080024261226C0AB9A26C64
:1029D0001AB1026822F0080202603F208840B0600D
:1029E00003F0A6FD216D2FE00168520308D4C9054C
:1029F0000AD4016821F01001016003F099FD03E0A1
:102A0000080301D4616C00E0E16B09B120468847FE
:102A1000606DE0B1606DC00715D005214FF4165010
:102A200084F83510B5FBF0F021680A6822F0010245
:102A30000A60009A01328242009202D80A68D207E4
:102A4000F7D103F075FDE16C09B120468847F8BD68
:102A5000BC0000202DE9F041044600F0C1F9ACB102
:102A60000546022084F835000020216884F83400EF
:102A7000086820F0010008600868C00709D000F06D
:102A8000AFF9401B052839D82168F5E70120BDE8DA
:102A9000F0810868271D304AE8CF00EA020ED4E929
:102AA000050CD4E9072843EA0E032B4333433B4389
:102AB0001843636A40EA0C00104340EA0802042B02
:102AC00004D1D4E90B05104340EA05020A60042B47
:102AD000486920F0070040EA03022CD1D4E90A63D8
:102AE000324343B3BCF5005F0CD0BCF1000F18D1EA
:102AF000022E19D0012E0ED0002E14E0032520271F
:102B0000032024E0032E16D8012540270120DFE80A
:102B100006F01E0B1E02A3F1C070B0FA80F040094F
:102B200004E0032E03D306D1C3F3006018B10125DE
:102B3000402701200BE020464A61FEF7F3FCE16DDF
:102B40003F220027012502FA01F18160002067651C
:102B500084F83550BDE8F0813F8010F0B0B503F047
:102B600038FD28D00120A56D84F8340094F8350094
:102B700001281DD1022084F8350000206065204620
:102B8000FEF7EAFCE26D3F232068216C03FA02F2B3
:102B9000AA60026842F01602026019B1016841F0B1
:102BA00008010160016841F0010101600020B0BD31
:102BB000002084F834000220B0BD0000B0B5044607
:102BC00000F00EF905460548611C007818BF044462
:102BD00000F006F9401BA042FAD3B0BD000000206F
:102BE00010B5094C14F8043B43B12168CA888242ED
:102BF00001D18A681AB90434013BF5E710BD0846D3
:102C0000BDE81040104700BF2008002003490A68B3
:102C1000024208BF70470860FFF7E2BF143C014062
:102C20002DE9FC4F634A08244FF0010B4FF00009D7
:102C30004FF0000A9042604A08BF072402444FEA5E
:102C4000B223072B38BF4FEAB22400940023202B75
:102C500008BFBDE8FC8F0F680BFA0AF6374200F098
:102C6000A2804F6807F00308A8F10104012C18D8CE
:102C7000032285684FEA4A0E02FA03F425EA040C9F
:102C8000CD689D4045EA0C058560C7F3001505FA3F
:102C90000AFC4568B54345EA0C056FEA040C45603B
:102CA0000BE003249E469C406FEA040CB8F1030F2E
:102CB00003D19E464FF0030820E0C4688D6804EA03
:102CC0000C0405FA0EF52C43B8F1020FC46015D1BF
:102CD00009F01C040F2202FA04F86FF0030202EA62
:102CE0005A0707443D6A25EA08080D6905FA04F405
:102CF00044EA08043C624F6807F00308056808FAD4
:102D00000EF405EA0C052C4317F4403F04604AD04A
:102D100000222AF0030701922A4A146844F48044EE
:102D2000146014680F2204F48044019409F00C0428
:102D300002FA04FC214A019D96461744224ABD58D6
:102D40009046009A25EA0C0502FA04F42C4347F851
:102D50000840DEF808404F68FA0244EA0605184ABF
:102D600058BF24EA0605CEF80850BD029446126802
:102D700042EA060458BF22EA0604CCF80040BD032C
:102D8000DEF8042042EA060458BF22EA0604CEF820
:102D90000440FD03DEF8002042EA060458BF22EAA0
:102DA0000604CEF8004009F1040902330AF1010AD1
:102DB0004DE700BF001C02400000FEBF003C014088
:102DC0000C3C01404438024008FCFFFF0069084009
:102DD00018BF01207047002A08BF090481617047AD
:102DE00079480068704700BFF8B528B3044690F8EA
:102DF0003D0020B903F09CFE204600F08BF803F064
:102E000058FE016841F400410160016821F400416D
:102E1000016000F0F5FF3B4900253B4A88424FF036
:102E2000000138BF0121904238BF01256368374A4D
:102E3000934238BF0D460DB10120F8BD94494FF4BF
:102E40007A77B0FBF1F521684E6826F03F062E43F5
:102E50004E604FF496766E43934228BFB6FBF7F56B
:102E60006A1C0D6A25F03F052A434CF6FF750A627D
:102E7000CA69AA43264DAB420AD85B000138B0FBB1
:102E8000F3F001306FF31F30042898BF042013E0E3
:102E9000A56801383DB119256B4303F026FE0AD021
:102EA00000F5804004E003EB430303F01EFE02D074
:102EB00000F5004000E00120104304F10C06C86159
:102EC000E0690A6822F0C0021043226A104348F207
:102ED000FF320860886890436CCE184310438860C6
:102EE000C86820F0FF0028433043C86003F096FD17
:102EF00000202021206484F83D10206384F83E00E7
:102F0000F8BD00BF80841E0000093D00A1860100BD
:102F1000A08601002DE9F04786B00068234EB0423C
:102F200040D10027224D4FF004084FF003094FF025
:102F3000120A0197286840F004002860286800F011
:102F40000400019001980097286840F00100286073
:102F5000286800F0010000904FF40070CDF8148054
:102F6000CDE90379CDF808A00190009801AC06F5F1
:102F7000D6302146FFF754FE4FF480702146CDE94C
:102F80000498CDE902A7019006F5D230FFF748FE7C
:102F90000097286940F400002861286900F40000C7
:102FA0000090009806B0BDE8F08700BF005C0040CC
:102FB000303802400348044900780A681044086029
:102FC000704700BF000000208C6C002080B50B48CB
:102FD000016841F400710160016841F480610160A1
:102FE000016841F480710160032000F09FF80F2018
:102FF00000F006F800F050F8002080BD003C0240D0
:1030000070B586B00446002532480195016841F04C
:10301000400101606946006800F04000019001989D
:1030200001A800F0CDFE049E00F0EAFE1649002E35
:10303000164B40F2E7328D6118BF0126B040C1E95E
:1030400002520D61124EB0FBF6F00138C1E90030BA
:10305000084601F0D9FC054698B90B4801F022FD5D
:10306000054670B92B2000F037F80F2C08D82B201C
:1030700021460022002500F03DF80648046000E0EB
:103080000125284606B070BD402E002000180040E3
:1030900040420F000400002082B000200D49019042
:1030A0004A6842F480424A604A6802F480420192CF
:1030B000019A00900868002240F08050086008687B
:1030C0000F2100F08050009000986FF0010002B0D6
:1030D00000F010B840380240002808D400F01F016A
:1030E0000122400902FA01F1014A42F8201070471A
:1030F00000E100E070B5134B4FF0FF351B68C3F3E0
:103100000223DC1E83F0070338BF002405FA04F60F
:10311000B243042B28BF042305FA03F39943A140CB
:103120001143BDE8704007F023B900BF05494FF6D1
:10313000FF030A681A4060F30A220348104308603C
:10314000704700BF0CED00E00000FA057047006812
:10315000416200207047B0B50068436AB1B1846A2B
:10316000013903EB14430024E5B2A94207D900EB6F
:1031700085050134D5F8045103EB1543F4E700EB62
:10318000810043EA0241C0F8041102E043EA02412F
:1031900081620020B0BDD0F8E00405F09DBE01EBD7
:1031A000C10200EB8202D0F8E004126A05F011BE01
:1031B00001EBC10200EB8202D0F8E004D2F86022F9
:1031C00005F058BED0F8E00405F088BE01F00F020B
:1031D000090602EBC20200EB820303F1140258BF9E
:1031E00003F515720068114606F026BD10B50446B9
:1031F00001F00F00090600EBC00104EB81015DBF87
:10320000002281F8552201F51571012244BF4A754B
:103210001431087094F89404012804BF022010BDF2
:1032200003F03DFB06F0B4FA03F0CBB9B0B50446A9
:1032300001F00F002279904201D901251DE0090615
:1032400000EBC00104EB81015DBF002281F8552233
:1032500001F51571012244BF4A751431087000252B
:1032600094F894048D70012801D1022505E003F043
:1032700016FB06F0D3FB84F894542846B0BD01F049
:103280000F0101EBC10100EB8100D0F8680270472B
:10329000B0B5044601F00F0009066FF3DF2200EB22
:1032A000C00104EB81015DBF002581F8555201F595
:1032B0001571012544BF4D7514318A600B7108707A
:1032C0004A7802B14883022B04BF0020487194F869
:1032D0009404012804BF0220B0BD03F0E0FA06F018
:1032E0008FF903F02EBBB0B501F00F01002501EB03
:1032F000C10400EB840404F5187784F8541284F8B0
:10330000555204F515712CC78379012B08BFC4F8F9
:1033100070221A46006806F0B5FB0020B0BDB0B5BB
:103320000446007901F00F05854284BF0120B0BD3D
:10333000080609D401EBC100002104EB800080F8ED
:10334000551200F5157107E005EBC500012104EBEE
:103350008000417500F1140194F8942401200D704F
:103360008870012A04BF0220B0BD84F8940420684C
:1033700006F06CFB2DB9A179206804F29C4206F09E
:1033800021FB03F0DEBAB0B501F00F0505EBC50176
:1033900000EB8104214601F8145F002501F10C07C0
:1033A0002CC701234B708379012B08BF22631A4677
:1033B000006806F067FB0020B0BD00002DE9F04F6B
:1033C00089B005688246284606F0BEFC10B109B0F7
:1033D000BDE8F08F03F0DFF90028F8D0D5F8080831
:1033E000C0F30D20CAF8D40403F0D5F90146DAF889
:1033F0000000890703D5416901F00201416105F52B
:103400000061049106F0CCFC0146DAF80000059555
:10341000C9063FD5816921F0100181612C6AC4F38E
:10342000434004F00F0506281CD002282BD147F694
:10343000F070044027D005EBC50022090AEB800597
:103440000598D5F8601206F0AFFCD5F86002D5F803
:10345000681200EB1410C5F8600201EB1410C5F8F7
:10346000680210E005980AF29C41082206F09CFCD4
:1034700005EBC500C4F30A120AEB8000D0F868120D
:103480001144C0F86812DAF80000816941F01001B7
:103490008161059D06F084FC00030DD403F07BF9E7
:1034A000049E400300F1E08003F075F9002800F16C
:1034B000A581DAF80000B9E1DAF8000006F04FFC67
:1034C00006460AF29C400AF51D744FF430684FF02E
:1034D000000B0890002EE1D0F00700F0B8805FFAF2
:1034E0008BF9DAF80000494606F052FC0746C0079F
:1034F0005CD005EB080001218160DAF8000008EBE0
:103500000001036C8A689AF80650012D24D1150732
:103510002FD4950647D4059D12F0280F46D1AC460E
:10352000E34DAB4202D9120400F198802268096988
:1035300065466FF3DF41511AB8F5306F44F80C1C43
:103540002CD1DAF86422002A00F08C80DAF86002CC
:103550000844CAF8600221E0D54D05F58075AB42FC
:1035600011D1059D10040AD4900644BF2020886024
:1035700014E0CF48059D834218D9100416D54FF4A6
:103580000040886012E0059DB8F5306F06D1DAF88A
:10359000641219B90021089A06F014FA50464946F7
:1035A000FFF706FE02E020208860059D380722D53F
:1035B00005EB08000821BE4B8160DAF800100A6CA8
:1035C00008EB010081689A4212D9090444BF4FF404
:1035D00000418160504600F033FB9AF80600012854
:1035E00009D1DAF80000089A012106F0EBF902E0AF
:1035F000504600F025FBF80642BF05EB08001021FD
:103600008160B80716D56869000604D50499486832
:1036100040F48060486014F81D0C012806D1002099
:10362000494604F81D0C504600F043FA05EB08002B
:1036300002218160B80642BF05EB080020218160AD
:10364000B80442BF05EB08004FF4005181602434F8
:1036500008F1200876080BF1010B3BE74FF400401E
:1036600065468EE7012196E7DAF8000006F070FB68
:1036700007460AF29C400022029005F51060069071
:10368000002F3FF411AFF80700F0B580DAF8000022
:10369000D1B20792089106F069FB0446C00727D013
:1036A000079B0122716B03F00F0002FA00F021EA80
:1036B00000007063069800EB431082609AF80600E1
:1036C000012811D103EBC3000AEB8000D0E90712F7
:1036D0001144016243B9DAF8240028B9DAF800008D
:1036E000029A012106F06EF908995046FFF757FD3E
:1036F000079A200704D50698082100EB4210816044
:10370000E00604D50698102100EB421081606006A7
:1037100004D50698402100EB42108160A00718D51F
:103720002846114606F0E1FA079A02EBC2000AEBBE
:10373000800010F8171F012906D100210170089997
:10374000504600F0B2F9079A0698022100EB4210A9
:10375000816020064FD502EBC2000AEB800BD946F0
:1037600059F8241FC84658F8040F814243D30D1A54
:103770005BF81C1FDAF80040039757468D4288BF5C
:103780000D4604EB42110BF1040601F5106A15E039
:10379000BD79DBF8003031680095151A20469D424E
:1037A00088BF1D46089AABB206F0DCFB306828449F
:1037B0003060D8F800002844C8F80000D9F800208C
:1037C000DAF81830E91C9BB2B3EB910F28BF8242A4
:1037D000DED88242BA46059DDDE90376079A0AD80B
:1037E00002F00F00012101FA00F0D4F8341821EAA8
:1037F0000000C4F834087F08013241E7706820F007
:10380000010070609AF8CC04012807D10020002143
:103810008AF8CC045046FFF799FC02E0504600F0CD
:10382000FAF903F0D9F801F00041416106F0B8FA65
:10383000000502D4DAF800000AE0B068C00702D040
:10384000504600F01BFA03F0C7F801F40061416133
:1038500006F0A6FAC00402D4DAF8000056E0D5F863
:103860000408102120F00100C5F80408DAF800006F
:1038700006F03BFA9AF8041005F510604FF67F3217
:10388000C1B182600139036823F400130360C0F8FA
:103890000822D0F8003223F40013C0F80032D0F828
:1038A000003243F00063C0F800322030E8E700BF88
:1038B0000A30544FF06940F00110F0619AF80F009F
:1038C00040B1D6F8840040F00B00C6F8840006F141
:1038D000440006E0706942F22B010843706106F172
:1038E000100001680AF29C4241F00B01016030684F
:1038F00020F4FE603060DAF800009AF8061006F056
:1039000061F803F069F801F48051416106F048FA6A
:103910000146DAF80000890419D505F0A9FEDAF8A5
:10392000000006F002FADAF800408AF8070000F01A
:1039300063FA9AF807200146204606F09BFA5046A3
:1039400000F056F903F048F801F40051416106F027
:1039500027FA000702D4DAF8000007E0504600F02A
:103960005EF903F039F801F00801416106F018FA38
:10397000000606D402F00FFFC00219D4DAF80000E6
:1039800038E00599012440F27B25886920F0800009
:1039900088619AF804008442ECD21AF805000128E4
:1039A00003D1E1B25046FFF711FC24350134F0E7B2
:1039B00005980AF13B040126012700F512659AF8E3
:1039C0000400874211D260782968B1F1FF3F08DC1A
:1039D000012806D147F080002670C1B25046FFF79B
:1039E000F5FB243420350137E9E702F0F5FF01F457
:1039F00080114161059C06F0D3F9800202D4DAF807
:103A0000000030E09AF8042004F532610AF51F70D6
:103A100001230124944221D206780D68B5F1FF3FBD
:103A200013DC012E11D1DAF8D46405F4803506F0E8
:103A30000106B54209D1059EB56945F08005B5611D
:103A400000F8013C75692D0603D52430203101347E
:103A5000E0E70499486840F40070486002F0BCFF59
:103A600001F40011416106F09BF9400002D4DAF83C
:103A7000000007E05046FFF78EFB02F0ADFF01F0BB
:103A80008041416106F08CF940077FF5A0ACDAF87F
:103A900000004468610704D55046FFF793FBDAF84D
:103AA000000041682143416091E4D0F8E00405F052
:103AB00067BAD0F8E00405F072BAF8B500284FD024
:103AC0000446056890F8950428B9002084F8940409
:103AD000204600F051F8032084F89504B5F1A04F7A
:103AE00004BF0020A071206805F066FF94E80F0075
:103AF000257C009505F0CAFD78BB206800210025D3
:103B000006F074F948BB207901220023002600EB5F
:103B1000C001890099420AD0E7182433FE853E751A
:103B20007A75C7E907557D623D760136F2E704F5FF
:103B3000157100220023984208D00B70C1E90222BF
:103B40000A610A714A7024310133F4E794E80F00E6
:103B5000257C009505F06AFE28B1022084F89504C2
:103B600001252846F8BD00250120657484F89504D8
:103B7000206805F04FFEF4E7B0B586B00068B0F1FC
:103B8000A04F2FD10025184C0095206840F001006F
:103B90002060206800F0010000900A2005900320BA
:103BA000CDE90350022002904FF4C05001900098DC
:103BB00001A90E48FFF734F860680521002240F0A3
:103BC000800060600095606940F4804060616069D9
:103BD00000F48040009000984320FFF78BFA4320C8
:103BE000FFF77AFA06B0B0BD30380240000002405C
:103BF00010B5C179044621B1022901D0FDF769FE53
:103C00000121D4F8E00405F035FAD4F8E004BDE869
:103C1000104005F0E8B9D0F8E00405F014BAD0F887
:103C2000E00405F01ABA10B502F077FC04BF0220D8
:103C300010BD617402F033FE06F00BF902F0C1BC56
:103C4000D0F8E02400F29C41104605F01FBA10B5F0
:103C500002F063FC04BF022010BD02F0FCFE06D59A
:103C6000617B012903D1816B41F48031816306F0CE
:103C700019F8206805F0C2FD02F0A3BC10B5044697
:103C8000D0F8E00405F044FA2068D0F8001E41F0B6
:103C90000101C0F8001EE07A20B10348016841F03C
:103CA0000601016010BD00BF10ED00E02DE9F041FC
:103CB000002857D03F4B04468846D3F8000400F054
:103CC0000700884204D283F8008402F02BFC49D11B
:103CD0002068810711D5410703D5996841F4E05167
:103CE0009960010703D5996841F460419960A16822
:103CF0009A6822F0F00211439960C0072BD102F0BC
:103D000011FC04D983F8008402F00CFC2AD120684D
:103D1000410705D5E1689A6822F4E05211439960A1
:103D2000000706D52069996821F4604141EAC00086
:103D300098601C4600F07EF8A1681F4AC1F3031189
:103D4000515CC840384908601C480068FFF758F9C2
:103D50000020BDE8F0816068811E022905D2196843
:103D6000890107D40120BDE8F08101281DD119681F
:103D70008903F7D599681D4621F00301084398602F
:103D8000FFF72EF8064641F288376068A9682B468F
:103D900001F00C01B1EB800FB1D0FFF721F8801BCF
:103DA000B842F2D90320BDE8F08119688907D9D556
:103DB000E0E700BF0038024038C9000804000020D6
:103DC00010B50F224FF4E0540260184A136803F054
:103DD00003034360136803F0F0038360136803F484
:103DE000E053C360136804EAD3030361D2F8F80315
:103DF00000F00700086010BD0B480068704700BF66
:103E000009480A490A4A00680968C1F38221515CDD
:103E1000C840704704480549054A00680968C1F36D
:103E20004231515CC8407047BC0000200838024055
:103E300048C9000810B5134C606800F00C00082851
:103E400004D0042814BF1048104810BD2268206810
:103E50000023400202F03F020C485CBF42F20040E7
:103E6000C0F2F4002168C1F38811A0FB0101FCF746
:103E70001BFA21680222C1F3014102EB4101B0FBB0
:103E8000F1F010BD043802400024F400001BB7001C
:103E90002DE9FC4100285FD004460078C24EC007DF
:103EA0000BD0B06800F00C00042840F08E80306821
:103EB000800302D5606800284ED02078800718D58E
:103EC000B06810F00C0F07D002F069FC40F095804C
:103ED0007068400200F191803068800702D5E06888
:103EE000012839D12069316821F0F80141EAC00088
:103EF00030602078000732D42078400742D4A76988
:103F00003FB302F04CFC40F0A980012F24D0E169BE
:103F1000706800F480028A421ED1216A00F03F02DC
:103F20008A4219D147F6C071626A0140B1EB821F23
:103F300012D1A16A9F4A02EBC13100F440326FF303
:103F40000F018A4208D1E16A00F07060B0EB016FA6
:103F500002D10020BDE8FC810120BDE8FC8161693F
:103F6000924800296AD00121C0F8801EFEF738FF70
:103F70000546706F8007BFD4FEF732FF401B022852
:103F8000F7D9C9E0306C10F080580AD100200190B8
:103F9000306C40F080503064306C00F08050019004
:103FA0000198834F3868C0053AD4386840F480706F
:103FB0003860FEF715FF05463868C00530D4FEF7B7
:103FC0000FFF401B0228F7D9A6E002F0E8FB03D15F
:103FD000706840023FF56BAF6068B0F5803F07D076
:103FE000B0F5A02F40F08280306840F4802030602F
:103FF000306840F48030306082E0E06800284CD0C7
:104000006A4801210160FEF7EBFE05463068800733
:104010003FF568AFFEF7E4FE401B0228F6D97BE0CF
:10402000A068012805D0052848D1306F40F0040071
:104030003067306F40F00100306749E00021C0F880
:10404000801EFEF7CDFE0546706F80077FF554AFEA
:10405000FEF7C6FE401B0228F6D95DE0534900205A
:1040600088460866FEF7BCFE0546022F0AD1474681
:104070003068800153D5FEF7B3FE411B03200229AF
:10408000F6D967E7306880017FF563AFFEF7A8FED9
:10409000411B03200229F5D95CE744480021016057
:1040A000FEF79EFE0546306880077FF522AFFEF7DB
:1040B00097FE411B03200229F5D94BE7316F0028F9
:1040C00021F001013167316F21F00401316744D0E3
:1040D000FEF786FE054641F28837306F80074BD4E5
:1040E000FEF77EFE401BB842F7D915E03168002884
:1040F00021F480313160316821F48021316044D075
:10410000FEF76EFE0546306880033FF5D6AEFEF73B
:1041100067FE401B6428F6D90320BDE8FC811C34EF
:104120001FCC0843234940EA821001EBC33140EA27
:1041300004606FF30F010843706001203866FEF7DA
:104140004FFE0446306880013FF503AFFEF748FE9E
:10415000011B03200229F5D9FCE6FEF741FE0546C6
:1041600041F28837306F800706D5FEF739FE411BD4
:104170000320B942F6D9EDE6B8F1000F7FF4BFAEE7
:10418000306C20F080503064B9E6FEF729FE054619
:10419000306880037FF591AEFEF722FE411B0320BD
:1041A0006429F5D9D6E600BF003802400000474236
:1041B000007000400000FFFF7047F8B550B1D0F824
:1041C00024C00446BCF1000F06D00021216104F197
:1041D000140107E001254EE06168B1F5827F03D04C
:1041E00004F11C0100220A600025A56294F8511018
:1041F00000294FF0000108D1204684F8505000F00B
:104200003DF8D4E909C101F40051022284F851209B
:1042100094E8CC00106820F04000106003F4827035
:1042200006F40443184407F400631844236903F0B8
:1042300002031844636903F001031844A36903F4FB
:1042400000763044E66906F038063044266A06F007
:104250008006304308430CF010011060042000EA8F
:10426000134008445060D06920F40060D061012000
:10427000656584F851002846F8BD00002DE9F04737
:1042800086B0044600683A4FB8426ED100263948DD
:104290004FF005084FF003094FF0020A01964169FB
:1042A00041F480514161416901F4805101910199CA
:1042B0000196016841F002010160016801F002010C
:1042C000019101990196016841F0010101600068C6
:1042D00000F0010001900198CDF81480CDE9036948
:1042E000CDF808A01820019001AD07F554402946EB
:1042F000FEF796FC80202946CDE90498CDE902A678
:10430000019007F55040FEF78BFC1B4D1B4F4FF4FF
:1043100080684FF0C069142105F11400C5E90079E7
:10432000C5E90266C5F81080FCF7D7F82846FEF705
:1043300091FB08B1FDF7CDFAAC63E564104D07F1D0
:1043400018014020C5E9001905F1080181E8410183
:1043500005F114001421FCF7C0F82846FEF77AFB9B
:1043600008B1FDF7B6FAAC63A56406B0BDE8F08706
:1043700000300140303802404026002040640240B6
:10438000A0260020F8B5164F04460026387886424D
:1043900024D207EB860568680168A14204D101892F
:1043A0004068FEF713FD08B10136EFE768680122A7
:1043B00001894068FEF70FFD686801894068FEF7D3
:1043C00005FD01466868D0F8722080F87110117000
:1043D000D0F8761011B1BDE8F8400847F8BD00BF2D
:1043E0004C08002070472DE9FC411D4616460F463B
:1043F0000446FEF7F5FC804694F85100012804D1EC
:1044000037B12EB102F026FA05D10220BDE8FC81B9
:104410000120BDE8FC810320012184F85100002027
:104420006065E68684F85010A6862763A087A0639F
:10443000C4E91000E087A1682068B1F5004F07D1FA
:10444000016821F040010160016841F48041016090
:104450000168490601D402F0E9F9E2686168B2F541
:10446000006F1CD109B1012E01D102F07FF96E1C41
:10447000E08E70B302F0E6F908D4FEF7B1FC002E2E
:10448000F6D0A0EB0800A842F2D334E0216B31F85B
:10449000022BC2602163E08E0138E086E8E709B1B3
:1044A000012E02D1397802F00DFB6E1CE08E80B136
:1044B00002F0C8F908D4FEF793FC002EF6D0A0EB6A
:1044C0000800A842F2D316E0216B097802F0FAFA4C
:1044D000ECE720462946424603F012FA08B12020B4
:1044E0006065A06808B902F066F902F079FA18BFB1
:1044F0000120BDE8FC8102F0E9B82DE9F8431E4631
:1045000015460F460446FEF76BFC94F851108146A1
:1045100001295CD1002F00F0AE80002D00F0AB80AF
:10452000002E00F0A88002F095F95CD0012084F8FC
:10453000500094F8510004281CBF052084F8510055
:1045400000206065E687E686C4E91000A563A687BB
:104550002763A68620680168490601D402F066F93F
:10456000E268DDF820806168B2F5006F3ED109B1E4
:10457000012E01D102F0FAF8012608F10105E08EC2
:1045800010B9E08F00286BD002F05CF90CD5E18EF9
:10459000012E09D141B1216B002631F8022BC260F6
:1045A0002163E18E0139E1868168C90706D0E18F78
:1045B00021B1A16BC068012602F03DF9FEF710FCA5
:1045C000002DDCD0A0EB09004045D8D33FE0606867
:1045D000B0F5827F07D10220042902D1A168002909
:1045E00098D0BDE8F8830220BDE8F88309B1012E18
:1045F00002D1397802F066FA012608F10105E08E51
:1046000008B9E08F60B302F01DF90ED5E18E012EDE
:104610000BD151B1216B002609780173216B206801
:1046200001312163E18E0139E1868168C90706D035
:10463000E18F21B1A16BC068012602F08FF8FEF76F
:10464000CFFB002DDBD0A0EB09004045D7D30020E5
:1046500084F85000012084F851000320BDE8F8835D
:10466000204641464A4603F04BF938B1002084F811
:104670005000202060650120BDE8F883A06808B9DB
:1046800002F021F902F0ACF918BF0120BDE8F8836F
:10469000F8B590F851500446012D36D1002958D074
:1046A000002A56D0002B54D002F0D4F838D0012084
:1046B0002D4E2E4F84F8500094F8510004281CBF52
:1046C000052084F8510000256565E386E387A3860D
:1046D000A387764B2163A263C4E91055E06C21687F
:1046E000C0E9133594F85130042B08BF3746214EEA
:1046F0001F4B08BF1E46C0E90F670C31E38FFEF762
:104700002DFA78B184F850501FE06068B0F5827FD0
:1047100006D10220042D02D1A568002DBED0F8BD1F
:104720000220F8BD2268216BA06C536843F001039E
:104730005360C0E91355C0E90F550C32E38EFEF704
:104740000DFA40B1002084F85000606D40F0100078
:1047500060650120F8BD21680868400601D402F0B8
:1047600060F802F0F4F9F8BDB3770008BF770008ED
:10477000C57700086B780008F0B590F85150012D0E
:1047800037D1002940D0002A3ED0EBB390F85040FA
:10479000012C3BD00124DFF87CC01F4F80F8504033
:1047A00090F85140042C1CBF052480F8514000248F
:1047B0004465C386C387C6680568002E184E08BFC7
:1047C0006746DFF858C008BF6646C0E910678386B1
:1047D0000163838782632968490603D4296841F00D
:1047E0004001296080F85040686840F0E00068604F
:1047F0000DE04468B4F5827F08D10224042D06D16F
:104800008568002DBDD002E0012400E0022420468E
:10481000F0BD00BFB77600088F76000871760008FB
:104820004976000870B502F035F804D189B382B337
:1048300002F010F801D1022070BD0320002384F89B
:10484000510001206365E286A2862163A363C4E967
:104850001033A38784F85000E387A0682268B0F57E
:10486000004F07D1106820F040001060106840F43D
:1048700080401060A06C0D4E0B4D0C32C0E91363EC
:104880000B4BC0E90F35E38EFEF768F918B101F064
:104890005DFF012070BD21680868400601D401F069
:1048A000C0FF02F054F970BDB97700089577000891
:1048B0002378000870B551B14AB190F85130012BFE
:1048C00003D190F85030012B04D1022100E00121E6
:1048D000084670BD03230124184E174D80F851304F
:1048E00000234365C28680F8504001638286838737
:1048F0008363D0E902140268002C08BF2E46C0E989
:104900001036C387B1F5004F07D1116821F040017F
:104910001160116841F4804111601168490603D4A7
:10492000116841F040011160002180F8501050687A
:1049300040F0A0005060CBE78D7900087179000845
:1049400070477047FFF71EBD704770477047F0B55E
:10495000024690F83C00012804BF0220F0BD01F19E
:104960000807D1E900C44B690020C969E0CF82F88B
:104970003C00126826F47C5624F4F04425F470556B
:1049800035432C432CF4E0452C4327F4C0452C43FD
:10499000234323F4804319435164F0BD10B590F8CC
:1049A0003C300222012B2CD080F83D2002680B689D
:1049B000546824F070041C439368B2F1804F546033
:1049C00014D0514CA24211D0504CA2420ED0504CA7
:1049D000A2420BD04F4CA24208D0E14CA24205D0DB
:1049E0004D4CA24202D04D4CA24204D1496823F062
:1049F0008003194391600022012180F83C2080F857
:104A00003D10104610BD00BF58B110B501F0D4FFE5
:104A100003D101F03AFF00F007F802F077F801F057
:104A2000E3BD012070470000F8B5006837498842AF
:104A300012D0CA49884226D0C94988422FD10020C5
:104A400003901748416841F001014160406800F05F
:104A50000100039003988FBD0020002202901048AF
:104A6000016841F0040101600521006800F00400C4
:104A7000029002981E20FEF73DFB1E2004B0BDE808
:104A80008040FEF729BB002001900548416841F4B1
:104A900000314160406800F40030019001988FBD02
:104AA0004038024090F83D1001291CBF012070479A
:104AB000022180F83D100068C168B0F1804F41F0DC
:104AC0000101C16014D0FC49884211D0FB498842E1
:104AD0000ED0FB4988420BD0FA49884208D0FA49E7
:104AE000884205D0F949884202D0F949884204D168
:104AF000724601F0F4FD964603D0724601F0CCFDFB
:104B000096460020704700BF0004004000080040A7
:104B1000000C00400018004000400140000401402B
:104B200010B501F043FF52D084F83D0001204FF64C
:104B3000777384F83C00206882689A4382600A6830
:104B4000C2B1102A16D0202A14D0302A12D0402AFE
:104B500017D0502A1ED0602A25D0B2F5005F2ED083
:104B6000B2F5805F30D0702A32D101F077FE41F08B
:104B7000770128E0816821F07001114341F00701BD
:104B800021E001F05EFF2068816841F0470121F0DB
:104B9000300118E001F055FF2068816841F05701AD
:104BA00021F020010FE04B68CA68194603F0F1FBC1
:104BB0002068816841F0670121F0100103E001F0F5
:104BC0004DFE41F480418160002001F033FF10BDB3
:104BD0000120FAE7704770B504460068C5680669A9
:104BE000B10710D5A9070ED56FF0020101610121AF
:104BF00021778069800702D001F0EBFE01E001F02F
:104C000092FE00202077700712D5680710D5206823
:104C10006FF00401016102212177806910F4407F67
:104C200002D001F0D6FE01E001F07DFE00202077E9
:104C3000300711D528070FD520686FF008010161F2
:104C400004212177C069800702D001F0C2FE01E093
:104C500001F069FE00202077F00612D5E80610D595
:104C600020686FF01001016108212177C06910F4FC
:104C7000407F02D001F0ADFE01E001F054FE0020C3
:104C80002077F00708D0E80706D020686FF0010110
:104C90000161204600F01EF9300608D5280606D529
:104CA00020686FF0800101612046FFF74EFE70061C
:104CB00008D5680606D520686FF0400101612046DE
:104CC00000F012F9B00601D5A80600D470BD206826
:104CD0006FF0200101612046BDE87040FFF736BE4D
:104CE00010B586B0044601A81421FBF7F6FB206836
:104CF0001A49884216D0744988422DD100200222D8
:104D0000012300901748016841F010010160012162
:104D1000006800F0100000904FF4206001900098AF
:104D2000114812E000210F4803230091026842F06D
:104D3000200202600022006800F020000090402065
:104D400001900098084800F5806003AC0EC4022171
:104D5000029101A9FDF764FF06B010BD00440140B7
:104D6000000001403038024000100240704700004F
:104D7000B0B501F06BFE04BF0220B0BD01F021FE12
:104D800037D8DFE801F0020A12222068294603F032
:104D900035FA206850F8181F0EE02068294603F005
:104DA0005DFA206850F8181F16E02068294603F0C5
:104DB00087FA206850F81C1F41F008010160016863
:104DC00021F00401016029690FE02068294603F001
:104DD000A9FA206850F81C1F41F4006101600168C5
:104DE00021F48061016029690902026811430160B0
:104DF0000020002184F83C10B0BD58B110B501F07E
:104E0000DBFD03D101F041FD00F006F801F07EFE6C
:104E100001F0EABB012070477047704710B50446A7
:104E200041B108290ED0042914BF04F1410004F156
:104E30003F0009E094F83E00012812D1022084F8D6
:104E40003E0012E004F140000078012809D1022060
:104E5000082908D0042914BF84F8410084F83F00D1
:104E600003E0012010BD84F84000206801F08AFCB6
:104E700001F063FD19D01049884216D00F498842CD
:104E800013D00F49884210D0164988420DD00E49E0
:104E9000884205D00D49884207D00D49884207D184
:104EA000416C0B4A01F05FFE02D101F018FC01D009
:104EB00001F0F2FB002010BD00040040000800409B
:104EC000000C00400018004000000140004001407C
:104ED0000004014000680349884208BFFEF76AB831
:104EE000704700BF001800407047704770470000CF
:104EF0007CB5044600680268C1684569130743D061
:104F000001F4907605F00105761941D0D60705D059
:104F1000CE0503D5666C46F001066664560704D5D7
:104F20001DB1666C46F002066664960704D51DB195
:104F3000666C46F004066664002B07D501F020037A
:104F40005B1903D0636C43F008036364636C002B4C
:104F500062D0920605D5890603D5204603F0D1FA22
:104F600020684069616C00F0400001F008014018C1
:104F70004DD001F00AFC2068416949065AD501F07C
:104F8000E4FA4AD02068FAE7930601D58B0639D4B3
:104F9000236B012B03D1D30601D5CB064FD41306C7
:104FA00001D50B060FD4520636D5490634D5C16853
:104FB00021F04001C160202084F841002046BDE876
:104FC0007C4000F0E4B994F84110212924D1A16873
:104FD000B1F5805F03D12169002900F09B80216A2F
:104FE0004A1C226209784160E18C0139E18409049C
:104FF00012D1C16821F08001C160C16841F0400157
:10500000C1607CBD2046BDE87C4003F07ABA2046F2
:10501000FFF76CFF002060647CBDE06B50B141493C
:105020000165FDF759FC0028F6D0E06B016DBDE885
:105030007C4008472046BDE87C40FFF757BF002171
:10504000019101F051FB416949062ED4E18DA28DF9
:10505000E38D002BE0D0511A0A04DDD050E8030F95
:10506000226820F4907042E803030BB12068F5E752
:10507000206850E8050F226820F0010042E805038F
:10508000002BF5D1202084F8420000202063206806
:1050900050E8030F226820F0100042E80303002BC1
:1050A000F5D1022089B260632FE0E26B11684B6892
:1050B0009DB2002DB0D0A18D8D42ADD2E385D269D5
:1050C000B2F5807F1CD050E8030F216820F4807077
:1050D00001F08FFC01D02068F5E701F09CFAFCD1CB
:1050E000206801F032FAFBD1202084F84200002031
:1050F000206301F069FBFCD1E06BFDF7ADFBA18DF6
:1051000002206063E08D081A81B22046BDE87C4031
:10511000FFF7EBBE216A31F8022B6FF35F222162A9
:10512000426061E7B783000890B110B5044690F87B
:10513000410008B901F0CEFC01F0CEFB2068016906
:1051400021F490410161416921F02A0101F092BCF2
:10515000012070472DE9F04786B0044601A81421CC
:10516000FBF7BBF920685549884244D0544988422E
:1051700040F0A1800026EA480096016941F48021B0
:105180000161016901F48021009100990096016894
:1051900041F004010160006800F004000090072065
:1051A00001F0B1F94FF440600190009801A9454821
:1051B000FDF736FD474D454B4FF440304FF48061CD
:1051C0004FF00062C5E908064FF48070A3F58063D4
:1051D000C5E90266C5E90416C5E906602846C5E9C1
:1051E0000032FDF737FC08B1FCF773FBE56305F10E
:1051F0003800272556E00026C9480096416941F04D
:1052000020014161416901F020010091009900965F
:10521000016841F040010160006800F0400000902A
:10522000082001F070F94FF484400190009801A922
:10523000244800F58050FDF7F3FC234D4FF48070B7
:10524000224F4FF4403A4FF480684FF02069C5E98F
:1052500006602846C5E908A6C5E90079C5E90266E1
:10526000C5E90486FDF7F6FB08B1FCF732FBAC6339
:10527000E563174D07F178014020C5E9001905F1F4
:105280000801C5E908A6C5E90566EE6181E84101A6
:105290002846FDF7DFFB08B1FCF71BFBA56305F112
:1052A000380047250460284605210022FDF722FF2B
:1052B0002846FDF711FF06B0BDE8F0870014014055
:1052C0000048004000080240602700202864024097
:1052D000C02700200027002010B590F84230202B76
:1052E00006D139B132B10024046303F0C3F902E0FE
:1052F000022400E00124204610BD10B590F8423091
:10530000202B06D139B132B10024046303F0F8F93F
:1053100002E0022400E00124204610BDB0B548B3ED
:10532000194D044615F8041B21B301CD013902685B
:10533000A242F9D1D0F80B1269B1884755F8040C94
:105340004FF6FF73B0F8091201318AB2D21A18BFB2
:105350000A46A0F8092290F8081202290BD0012968
:1053600008D1B0F8042200F582712046BDE8B040B3
:10537000FFF7C3BFB0BDB0F8042200F5827120462C
:10538000BDE8B040FFF7A8BF600800207047704735
:10539000FEE780B501F0FCF9FCE7F0B55200002310
:1053A00037240025AA4208BFF0BD070F04EB107692
:1053B000B0F1204F38BF07F130064E5545F00106D9
:1053C000023500018B55EDE780B51F4800780128B4
:1053D00010D0B8BB1E48008AA8B11E4900B29FED8C
:1053E0001E2A01EE100A91ED010AB8EEC11A01EE73
:1053F000020A16E015480068D0F80D0080F0004061
:1054000000EE100A1AE01348016801310629016014
:105410000AD3D0ED010A9FED110A9FED111A01F098
:10542000CDFE0C4880ED010A0E48DFED0F0A006842
:1054300090ED1A0A0748043001F0DEFE09480068C2
:1054400080ED1A0A80BD00BFD8090020602F00201F
:10545000F42F00204C070020BD3706370000000065
:105460000AD7233C642F002017B7D13970B50548FF
:10547000054A064E01F02FF818B1BDE87040FCF760
:1054800028BA70BDF0250020000101010064004031
:1054900070B50548054A064E01F01DF818B1BDE883
:1054A0007040FCF716BA70BD1826002001000101FB
:1054B00000680040BCB50020A149A54C01900A68D5
:1054C00042F480020A600A6802F480020192019AA2
:1054D00000900868002240F4001008600868052168
:1054E00000F40010009000980C20A047994D0C206B
:1054F000A847392000F0FFFF3920A8473A2000F0E4
:10550000FAFF3A20A8473B2000F0F5FF3B20A847D0
:10551000452000F0F0FF45202946BDE8BC40084783
:105520003038024070B5B2B02BAC1B4900F0CFFF51
:105530001A4D01F043F81A4E1A491C22306024AC6F
:105540002046FAF729FF01F039F870601DAC1649C2
:1055500000F0BDFF01F032F8B06016AC134900F066
:10556000B6FF01F02BF8F0600FAC114900F0AFFF6F
:1055700001F024F8306108AC0E4900F0A8FF01F0FA
:105580001DF8706101AC0C4900F0A1FF01F016F8A4
:10559000B06132B070BD00BF90C8000863AC0008B5
:1055A00028060020ACC80008C8C8000874C8000855
:1055B000E4C8000800C900081CC900082DE9F04F24
:1055C00087B000245E485F4F5F4E01220125CDE980
:1055D00005440194016807F5C05A41F002010160D9
:1055E000016801F0020100F06DFF41F0400101602F
:1055F000016801F0400100F065FF41F00101016028
:10560000016801F0010100F05DFF41F00801016057
:10561000016801F0080100F055FF41F0040101604C
:10562000016801F0040100F04DFF41F080010160CC
:10563000016801F0800100F045FF41F020010160A8
:10564000016801F0200100F03DFF41F01001016010
:105650004021006800F01000019001985046B047CA
:1056600007F5E0594FF4C05100224846B04738468C
:1056700010210122B04707F5806801210122404630
:10568000B0474FF4881B02200494304E0290CDF8AE
:105690000CB007F5A05002AF3946B047402039465C
:1056A0000595CDE9035502905046B0474FF4C050E0
:1056B00039460594CDE9035402904846B047092085
:1056C0003946CDE903B502905046B04702201D4C43
:1056D00039464FF00209CDE903550590102002909C
:1056E0002046B04730203946CDE903B5029004F595
:1056F0000060B04740463946CDE90459CDE902552E
:10570000B047134C062000F056FF124D0620A84764
:10571000072000F050FF0720A847092000F04BFFAA
:105720000920A8470A2000F046FF0A20A8471720B2
:1057300000F041FF1720A84707B0BDE8F08F00BF79
:105740003038024000000240D72D0008212C00080C
:10575000F5300008D930000810B50B480B4B0C4C45
:1057600000214FF48042C0E90043C0E90211C0E9C2
:105770000421C0E906110162FDF736FB18B1BDE84E
:105780001040FCF7A6B810BD20280020801A0600A3
:10579000005C0040F8B50F4800220A210E4F4FF47C
:1057A00082764FF4007301240225C0E90A213821D2
:1057B000C0E90822C0E90076C0E90222C0E9045429
:1057C000C0E90631FEF7F9FC18B1BDE8F840FCF776
:1057D00080B8F8BD582D00200030014080B588B059
:1057E0001448154B00214FF6FF72CDE90611CDE9A3
:1057F00004118161C0E9003100F080FE08B1FCF7BE
:1058000068F80C48FFF7F9FA08B1FCF762F80020D5
:1058100000220590CDE9020060200190054801A911
:10582000FFF7A6FA08B1FCF754F80248FFF758FA58
:1058300008B080BDF82D002000440140B0B596B0FE
:1058400000251C211595CDE91355CDE9105509AC5E
:105850002046FAF742FE01A82021FAF73EFE2D4825
:105860002D4B44F61F61A722C0E90032C0E9025166
:10587000C0E904558561FFF7C7F808B1FCF729F8BE
:105880004FF480501290234812A9FFF749F908B14C
:10589000FCF71FF81F48FFF7B0FA08B1FCF719F83A
:1058A0000020CDE910001B4810A9FFF777F808B1D8
:1058B000FCF70FF84FF4FA6014210A906020099069
:1058C00004F10800FAF709FE124821460022FFF70A
:1058D0004FFA08B1FBF7FDFF0E4809A90422FFF7B4
:1058E00047FA08B1FBF7F5FF01AC14212046FAF79F
:1058F000F4FD0020214608904FF400500690054822
:10590000FFF725F808B1FBF7E4FF0248FFF7E8F9D5
:1059100016B0B0BDB02D00200000014010B586B01B
:105920001448154C002141F2883244F2A01305912D
:10593000CDE90311CDE900118161C0E9004300F018
:10594000DDFD08B1FBF7C5FF4FF480500290094818
:1059500002A9FFF7E5F808B1FBF7BBFF0020694695
:10596000CDE900000348FFF719F808B1FBF7B1FFD4
:1059700006B010BD882E002000080040B0B50B48CE
:105980000B4C0C4D00210C224FF48063C0E90054F5
:10599000C0E90211C0E90432C0E90611FFF7C4FBF7
:1059A00018B1BDE8B040FBF794BFB0BDD02E0020C9
:1059B000A08601000048004010B50B480B4C0021A8
:1059C0000C224FF46123C0E90043C0E90211C0E991
:1059D0000412C0E90611FFF7A7FB18B1BDE810409B
:1059E000FBF777BF10BD00BF182F00200014014047
:1059F00080B50F480F49002203F0C6F908B1FBF744
:105A000068FF0B480C4903F0A4FB08B1FBF761FFEA
:105A100007480A4903F015F808B1FBF75AFF044894
:105A200003F0BCFB18B1BDE88040FBF752BF80BD5E
:105A3000142300209C000020C00000205C010020F6
:105A400080B54FF07E51816010EE901A416010EEEB
:105A5000101A01600C301821FAF71DFD80BD0000FE
:105A60002DED108BA048F5EE401AF6EE005A9F4936
:105A7000F1EE10FA90ED023A90ED034A90ED045ADF
:105A800090ED056A23EE017A63EE203A63EE004A58
:105A900004EE207A44EE413A45EE014A05EE407AA2
:105AA00046EE003A46EE604A24EE400A27EE257A9A
:105AB00063EEA53A64EEA54A05EE600A06EE410AD9
:105AC00020EE250A0AD1B5EE402AF1EE10FA05D1F2
:105AD000F5EE402AF1EE10FA00F0CE8022EE021A26
:105AE000DFED830A26EE06DA36EE06FA63EE038A67
:105AF00073EE039AF2EE00AA24EE04BA25EE059A9C
:105B000035EE05AA01EEA11A02EEA21A11EE102A34
:105B100061EE205A9FED771A64EE2ABAA1EB620279
:105B200006EE902AF0EE417A65EEA65A45EEE67A48
:105B300067EEA65AF1EE007A24EE27CA65EEA16A56
:105B400068EEA78A25EE822A65EEA22A23EE278A2E
:105B50002CEE0DEA69EE081A06EECFEA46EE8A1A36
:105B600004EE28EA4BEE081A02EE69EA3EEE4CEA31
:105B700034EE048A0BEE8BEA42EE481A0BEE89EA09
:105B800002EE8CEA25EE28CA65EE278A6EEE0E5AE2
:105B900006EEA9CA41EEA15A08EE8DCA02EE4FCA1E
:105BA0003CEE68CA25EE2ADA0BEE0DCA0DEE09CAE4
:105BB00002EEA8CA6BEE272A4CEE0C5A62EE862A39
:105BC00046EEC82A69EE276AD0ED137A46EE262AF9
:105BD000D0ED116A42EE4A2A42EEA25A15EE902A00
:105BE00025EEA02AD0ED105AA1EB620200EE902A19
:105BF00022EE202A02EE601A21EE201AD0ED010AD0
:105C000021EE812AD0ED0F1A22EE202AB0EE428A30
:105C100007EEA18A80ED0F8A6EEE011A30EE480A77
:105C200061EEA01A30EE420AB0EE619A07EEA59A34
:105C300080ED109A6CEE015A22EE811A65EEA05AA0
:105C400021EE201AD0ED120AF0EE412AB0EE65AA3C
:105C500047EEA02A07EEA6AA80ED11AA37EE627AD7
:105C6000C0ED122A37EE417A33EECA1A71EE653A68
:105C700034EEC91A71EE614A90ED061A9FED1D2AA5
:105C800004EE814A00EE013A03EE815A07EE016A02
:105C90009FED191A24EE040A03EE030A05EE050A25
:105CA00006EE060A10EE102A20EE011AA1EB6201A0
:105CB00000EE101A21EE001A01EE002A22EE000A70
:105CC00026EE001A25EE002A24EE004A23EE000AF2
:105CD00080ED020A80ED034A80ED042A80ED051A6A
:105CE000BDEC108B704700BFBC08002012141F5F72
:105CF00012D3363FFF51D83F12D336BFFEE7000024
:105D00000D4800F021F80D490D4C0E4D086020683B
:105D100095ED020A0021002290ED141AB1EE400A1E
:105D20000020F1EE410AFBF7BDFB00F047F801202F
:105D300004F08AFFEBE700BFAF010020602F0020D6
:105D4000642F00203C090020F8B5284E0546307825
:105D50000838F72820D3402005F030F9E0B1377833
:105D60000446FF2F04BF002737702770D5F82200A4
:105D700095F82110C4F80200002084F83F1084F840
:105D8000260095F82000184D69686070A01D29B1A3
:105D90002022FAF701FB04E000240AE02021FAF7B0
:105DA0007AFB781C307005EB87008460024804F0B1
:105DB00017F82046F8BD00BF51970008B0B50A4853
:105DC00000F1080409480578002D08BF01254DB1F0
:105DD000206820B190F83F1009B100F009F80434B0
:105DE000013DF4E7B0BD00BFB40700208E010020E4
:105DF000B0B50546254890F89C0203283BD1D5B3A1
:105E0000202005F0DBF8B0B3044601301F21FAF77B
:105E100042FB73206521207095F83F00E1776070A8
:105E200095F83F00FE2827D0B02829D1D5F82710B3
:105E3000A01C09B109680160D5F82B1009B10968E7
:105E40004160D5F82F1009B10978A172D5F8331047
:105E500009B10978E172D5F8371009B109782173D1
:105E6000D5F83B1011B10968C0F80B10204620216D
:105E7000FBF75CF804E0B0BDD5F802102046884777
:105E80002046BDE8B04005F029BA00BF1423002029
:105E9000B0B580B30546742005F090F858B30446B9
:105EA000286845F8250F206015F8010C84F82800B3
:105EB00055F81D0CA06055F8190CE06055F8150C4C
:105EC000206155F8110C60610C48C5F80D40C5F80B
:105ED000090055F80D0CA0612846FBF77DF86062BB
:105EE00005F1130000F082FFE06205F13F0000F0D1
:105EF0007DFF206300E000242046B0BDDD61000886
:105F000010B5C0B104468068A8B1A079012807D0B7
:105F100078B9E068D4ED050A84ED0C0A00F062FE61
:105F20002069D4ED060A84ED0D0A00F05BFE84EDD5
:105F30000E0A012010BD002010BD0000002874D002
:105F400070B5D0F83B108B8B0BB1CB8300E0CB8BC3
:105F5000848D1EB225BAE3BA2A0C8A83C28DD2BAC6
:105F600000EE102AB8EEC01A91ED0B0A81ED081A66
:105F700081EE001A028E12BA120CCA84B6EB254FBB
:105F800090F832204FF4005081ED061AC8BF00EBA4
:105F9000254326488C8C9B1B00EB2540B6EB254FF8
:105FA000C8BF2814801B1E46054648BF45422044F2
:105FB000002B00D55E4201EE102AAE4238BFE01839
:105FC0008884B8EE411A81ED0A1A9FED191A20EE65
:105FD000011A02B2002A10D502EE102AB8EEC22A27
:105FE00031EE022ABDEEC22A12EE100AF1E732EEBD
:105FF000412ABDEEC22A12EE100A00B202EE100AC9
:10600000B8EEC22AB4EE421AF1EE10FAEFDB9FEDC1
:10601000091A22EE011A81EE000A9FED071A30EEEE
:10602000010A81ED050ABDE87040704700E0FFFFFE
:1060300000000046D40F493ADC0F49C070B5C8B320
:10604000464E054630780B2834D83C2004F0B6FF85
:106050003C210446FAF741FA2868697920602879DA
:10606000A1712071002805F11C00A969E162A97BDA
:1060700008BF0439617100F0B9FEE06005F1480025
:1060800000F0B4FE2061286845F8070F0B48C5F8FA
:106090000D40C5F809002846FAF79EFFA06030B110
:1060A000307806EB800101304C60307003E0204610
:1060B00005F014F90024204670BD00BF3D5F0008C4
:1060C000F8B5002847D08568002D44D023496B6877
:1060D000B5F820C005F1220E11F8042BAAB30E6802
:1060E000B46867689F422DD1248C64452AD196ED0F
:1060F0000E0A7579BDEEC00A6F0010EE104AA4B208
:10610000240A042D0FD807EB0E0505F8024C96ED76
:106110000E0A7479BDEEC00A0EEB440410EE105A5C
:1061200004F8015C0EE007EB0E0505F80A4C96ED4D
:106130000E0A7479BDEEC00A0EEB440410EE105A3C
:1061400004F8095C013A0431C8E78068FBF734F9C8
:1061500008B10120F8BD0020F8BD00BF54070020A1
:1061600018B1406A08B1032901D900207047064AD6
:1061700052F8313002EBC1014968C0F82230C0F852
:1061800026100120704700BF8F01002010B510B30A
:10619000416A0446F9B194F834200020012A19D14B
:1061A000C1F82600C1F8220094F82810012907D070
:1061B00081B9E06AD4ED140A84ED1A0A00F012FDE8
:1061C000206BD4ED150A84ED1B0A00F00BFD0120B5
:1061D00084ED1C0A10BD002010BD000070B5002821
:1061E00000F0C38090F82C20D0F83B109FED604A5F
:1061F0009FED645A12090E6D91ED130A81F8342057
:10620000B0F82D20120414BA01EE104A8C63B8EED7
:10621000C12A91ED021A90F82F2090F8303031EE1B
:10622000013A120123EE022A9FED503A42EA13137B
:10623000CB6382EE032A90F8302090F831508E64C0
:1062400081ED110A02F00F0245EA02220A6432EEE1
:10625000412AB0EE423A81ED132AB4EE443AF1EE0F
:1062600010FA02DD33EE053AF7E79FED424A9FED63
:10627000445AB4EE443AF1EE10FA02DA33EE053A3B
:10628000F7E791ED034A81ED143A03EE103A91EDF0
:10629000045AB4EE402AB8EEC33AF1EE10FA34EEE6
:1062A000046A26EE033A9FED346A83EE063A33EE33
:1062B000443A35EE054A81ED153A03EE102AB8EE60
:1062C000C33A24EE033A83EE063A33EE453A81EDC3
:1062D000163A90F8322003EE102AB8EE433A81EDD8
:1062E000173A90F8330003EE100AB8EE433A81ED06
:1062F000183A32EE413AB8BFB0EE423A33EE403A85
:10630000BDEEC33A13EE100A002800D54042B4EEA9
:10631000402A31EE021AF1EE10FAB8BFB0EE412A6F
:1063200032EE400ABDEEC00A10EE102A002A00D557
:106330005242824206D291ED191AB8EEC00A31EEED
:10634000000A05E091ED190AB8EEC31A30EE010A11
:106350009FED0A1A81ED190AB0EEC00AB4EE410AA7
:10636000F1EE10FAC4BF0020486670BD00FF7F4701
:10637000DC0F4940DC0F49C000F07F45FAFF7F4B3E
:10638000DC0FC940DC0FC9C000286ED0416A00296B
:106390006BD090F83420012A67D190ED022ADFED0E
:1063A000342A90ED033A90ED044A90ED055A90EDB1
:1063B000066A90ED077AD0ED081A32EE000A32EE46
:1063C000022A20EE220A80EE020A9FED2A2ABDEE62
:1063D000C00A10EE102A33EE200A33EE033A20EE04
:1063E000020A130A80EE030A81F82230416A81F81A
:1063F0002320436ABDEEC00A10EE101A27EE020AEF
:1064000080EE050A0A09090183F82420436ABDEEDB
:10641000C00A10EE102A21EE820A80EE060A41EA36
:10642000122183F82510416A81F82620436ABDEEC7
:10643000C00A10EE101A34EE010A34EE041A20EEEF
:10644000020A0A0980EE010A83F82720BDEEC00A7D
:1064500010EE102A130A43EA0111436A83F8281048
:10646000406A80F82920012070470020704700BF53
:1064700000FF7F4700F07F4518B1406A08B1FAF786
:106480009BBF00207047B0B590B10546302004F0A6
:1064900095FD68B12C210446FAF71FF8012084F815
:1064A0002D002878082828BF082084F82C0000E058
:1064B00000242046B0BDFEE70148FCF77FBF00BFC7
:1064C00074280020019101990194016870471C22F1
:1064D0002046F9F761BF002103254FF400134FF464
:1064E00010248183C0E90065C0E90211C0E90443BA
:1064F0008261FBF7FBBF052100222047C0E90212A1
:106500000161FEF781BA05900320CDE90360022006
:1065100002907047214602F010BC044690F89404A3
:1065200001287047D3F8000400F007004045704789
:10653000002084F83400012084F835007047026898
:1065400002EB0112D2F8BC21704750E8050F216818
:1065500020F0400041E80502002A7047D0F8D4221C
:1065600000EB8202D2F8B822002A7047204602F0DF
:106570002BBBC0F89412002102F0D7BD0646384666
:1065800001212047D8F80000011DC8F8001070470D
:106590003B46009500F0F2BEB0EE480A3847CDE920
:1065A0000007002000F0EABEB0EEC11AB4EE6C1A8B
:1065B000F1EE10FA70470521002220472046002105
:1065C0002847002084F8940410BDC0F80418002067
:1065D0007047044690F8340001287047026802EBC7
:1065E0000112D2F8B8217047012084F8460084F8DF
:1065F0003E0084F83F0084F8400084F8410084F8AD
:10660000420084F8430084F8440084F8450084F88C
:106610003D00002010BD206850E8050F216820F0E3
:10662000010041E80502002A70470020C4F8D402A6
:1066300020461047204602F0EEBAC0F8941200211E
:1066400002F0C8BC0546384681212047002000F0F2
:1066500095BE20EE000A01EE010A02EE020AB1EE3A
:10666000C01AB4EE411AF1EE10FA7047B4EE690A9E
:10667000F1EE10FA7047B0EE480AF0EE490AB0EEBB
:106680004A1A704745F6C0510068B0FBF1F064212A
:1066900048430190FCF7A4BB016841F0010101608F
:1066A0007047016851E8051F026821F0010142E8C6
:1066B0000513002B70476A6807FA00F100EB8000B1
:1066C000114370472046642101F01AB9002084F874
:1066D0005000012084F851000320BDE8FC8181684E
:1066E00001F0070106297047016801914168019195
:1066F000019970470168097B826B1170C18F013964
:10670000C187816B01318163C18F0029704764218A
:106710006FF06303B0FBF1F202FB0300322370471A
:10672000204604F04FBD2068416821F020014160FF
:106730007047026B016812780A73C18E0139C186F5
:10674000016B01310163C18E00297047002084F87C
:106750005000606D40F01000606570470870A06BDD
:106760000130A063E08F0138E087704737F8021BE3
:10677000C1602763E08E0138E0867047846B054670
:10678000FCF72EBB012201F029BD204601F087BE97
:10679000012004F059BADAF8000003F001BBB06838
:1067A00000F00C00082870472068016841F00101E2
:1067B0000160FCF715BB002001902068C1680191C1
:1067C0008068019001987047206850E8030F2168A5
:1067D00020F0100041E80302002A70470020C4F8AE
:1067E000D40220460847204602F0D1B980468221D3
:1067F0003846204700EB4000144601EBC0017047CB
:10680000B4EE410AF1EE10FA704784ED060A84ED09
:10681000071A84ED082A7047B4EE401AF1EE10FA18
:106820007047086840F0400008607047016841F018
:1068300040010160704721F8020BA163E08F01382D
:10684000E0877047206881688907704784F85100A5
:106850002046704794F8500001287047D1E9012381
:10686000C9681A4342EA0121826822F47F42114337
:10687000816081687047416821F003014160704781
:10688000024628680068C0057047002084F83C0074
:1068900020467047044690F85100012870470120B7
:1068A00084F89404206870470099013100910099A0
:1068B000B1F1706F7047606A40F40030606205208B
:1068C00084F820007047002000902068C168009183
:1068D0008068009000987047242084F84100206868
:1068E000C16821F40051C160204601F06DBE94F8EA
:1068F0009C020138022870474FF0805101607047B8
:1069000090ED010A90ED001A90ED022A7047B4EE66
:10691000691AF1EE10FA7047F0EE401AB0EE602AF4
:10692000F0EE412A70474DF808ED2046FEF71EFABA
:1069300020465DF808EBFEF770BA2068B0F1804F92
:106940007047002084F89404B0BD1C6844F00064D3
:106950001C601C6844F080441C60704700F12401F6
:1069600001204FF480227047012084F85100606DAF
:1069700000287047044604F07FBC3246F9F70CBD8E
:1069800000204FF07E51C4E90010C4E902007047B6
:1069900091ED001AB4EE410AF1EE10FA7047B0EE34
:1069A000680AF0EE690AB0EE6A1A704790F83C2067
:1069B00004460220012A7047044690F83D00002852
:1069C00070470D4601204FEAB201032984F83C00CC
:1069D00070472046FEF7FEB8DAF8000041697047BC
:1069E000012084F85100002084F85000606D0028D8
:1069F000704741E80302002A7047294604F025BC8D
:106A000093ED002A82EE002A83ED002A7047F0EE13
:106A1000408AF0EE609AF0EE41AA7047086840F0B4
:106A20000100086070470262B8428C68D1F800C06B
:106A300045687047002184F83C10012184F83D101E
:106A400070474B68CA68194601F092BC044690F83A
:106A50003C00012870470121206884F89414C16823
:106A60004906704704FA03F3D0F81C482343C0F8E2
:106A70001C3870474161C16841F40051C160002079
:106A80002021606484F8411084F84210606310BDD6
:106A900030462946224603F0B4BBB5EE400AF1EE7B
:106AA00010FA7047F0EE691AB0EE6A2AF0EE682A22
:106AB0007047242084F83D002068016821F001011E
:106AC000016070470173206B01302063E08E013854
:106AD000E0867047002084F840002046FEF73ABB6D
:106AE000B4EE410AF1EE10FA7047B0FBF3F001305A
:106AF0006FF31F3000287047C9F83800D9F8380004
:106B00007047606D40F02000606570470220211DD5
:106B100084F83D00206801F0F1BA3168C96A884202
:106B20007047B0EE4D0AF0EE4C0AB0EE4B1A7047CB
:106B3000002084F83C0070470A5842F000620A5076
:106B40000A5842F080420A5042F210727047486878
:106B500040F020004860002084F850004A6842F06D
:106B600002024A60704741F40041416440F4806190
:106B7000914270470000000000000000000000008B
:106B8000EFF30980BFF36F8F154B1A681EF0100FDB
:106B900008BF20ED108A20E9F04F10602DE90900B0
:106BA0004FF0500080F31188BFF34F8FBFF36F8F0A
:106BB00004F03AFC4FF0000080F31188BDE80900B2
:106BC00019680868B0E8F04F1EF0100F08BFB0EC6D
:106BD000108A80F30988BFF36F8F704700BF00BF32
:106BE0004406002070B52DED0E8B044690F8580039
:106BF000E0B1B0EE408A84ED0B0A94ED070AB0EEE6
:106C0000609AC4ED0D0AB5EE400AF1EE10FA1BD001
:106C1000B6EE002A38EE491A20EE022AB4EE421AE5
:106C2000F1EE10FA05DD30EE099A0BE09FED610AF6
:106C3000BDE0B1EE422AB4EE421AF1EE10FA03DAE8
:106C400039EE409A84ED0D9A38EE49AA94ED061A71
:106C5000B0EECA0A84ED0FAAB4EE410AF1EE10FAC2
:106C600003DA9FED54AA0020E06394ED08CA94ED86
:106C7000000AB0EECAEAB4EE4CEA20EE0ABAB7EE69
:106C8000000AF1EE10FA84ED11BA34DBB5EE40CA19
:106C9000F1EE10FA2FD0B4EE4CEA9FED460AF1EE79
:106CA00010FA28DD94ED09DAB4EE4DEAF1EE10FAAF
:106CB00021DA1DEE100A05F049FD05461EEE100A08
:106CC0000E4605F043FD02460B462846314605F0C8
:106CD0004FFC3DEE4C0A05460E4610EE100A05F03C
:106CE00035FD02460B462846314605F093FA05F07D
:106CF000B7F900EE100A94ED013A94ED121A94EDF2
:106D0000042A2AEE033A00EE031AB1EE420AB4EE68
:106D1000401AF1EE10FA08DBB4EE421AB0EE420A65
:106D2000F1EE10FAD8BFB0EE410A94F8280094EDC5
:106D3000021A84ED120A40B194ED0E2A39EE423A5D
:106D4000B1EE412AB0EE431A03E094ED102A3AEE78
:106D5000422A94ED0C4A94ED033A21EE022A3BEECE
:106D6000000A94ED051A30EE020A84ED132A38EE7B
:106D7000444A23EE043A33EE002AB1EE410A84ED90
:106D8000143AB4EE402AF1EE10FA08DBB4EE412AD0
:106D9000B0EE410AF1EE10FAD8BFB0EE420A84ED2F
:106DA00010AA84ED150A84ED0E9A84ED0C8ABDECD0
:106DB0000E8B70BD0000000010B5044648B10020E5
:106DC00018216065A06484F8580004F12C00F9F7DC
:106DD00084FB002C18BF0124204610BD10B10121F6
:106DE00080F85810002818BF01207047B0B500285F
:106DF00042D005465C2004F0E1F85C210446F9F736
:106E00006CFB2868206068686060A868A060E8681B
:106E1000E06095ED060A95ED051AB4EE401A84ED92
:106E2000050AF1EE10FAC8BFB0EE401A84ED041A5C
:106E30002869E061E869A06195ED091A95ED080AF5
:106E4000B5EE401AB0EE402AF1EE10FA08D0B4EEDA
:106E5000410AB0EE402AF1EE10FAD8BFB0EE412A56
:106E6000012084ED080A84ED092A84F8580095F879
:106E7000280084F8280000E000242046B0BD00006F
:106E8000F0B587B02C4E054630780F2801D9002484
:106E90004BE01C2004F092F8002842D01C2104464C
:106EA000F9F71BFBD5E90070D5E90412C4E90070BD
:106EB000A868C4E90512E060E868206102AD01A994
:106EC0002846FCF77DFF38681C4988420BD01C49D6
:106ED000884208D01B49884205D01B49884202D00D
:106EE0001A49884224D11035FCF794FF29680029FB
:106EF00018BF012194ED030A8840A060204600F0ED
:106F00005DF894ED040A204600F022F8D4E900016F
:106F1000FDF784FF3078411C06EB8000317044603F
:106F200003E00020002404F0D9F9204607B0F0BDAA
:106F30000C35FCF765FFD9E7780800200000014018
:106F4000000401400040014000480140004401406D
:106F500030B3016821B3B5EE400A9FED171AF1EE88
:106F600010FAB8BFB0EE410AB7EE001AB4EE410A0B
:106F7000F1EE10FAC8BFB0EE410A0A6892ED0B1AA2
:106F80004368B8EE411A082B20EE011ABCEEC11A74
:106F900011EE101A06D0042B06D03BB9343206E0AD
:106FA000002070473C3202E0383200E0403280ED91
:106FB000040A0120116070470000000010B5D8B12C
:106FC0000168C9B1D1E90034826880ED030A013457
:106FD000B2FBF4F201EE102AB8EE411A21EE000ADB
:106FE000BCEEC00A83ED0B0A81ED030A90ED040AA2
:106FF000FFF7AEFF012010BD002010BD70B52DEDD4
:10700000125B0446012979D19FED668A674E0025FF
:10701000CDE90455CDE90255CDE90055B0EE489AC9
:10702000B0EE48AAB0EE48BAB0EE48CAB0EE48DAC0
:10703000322D6ED23068F9F703FD306896ED040A00
:1070400090ED081A90ED042A90ED075A90ED053A5C
:1070500090ED064A31EE000A90ED031A32EE0CCAAA
:1070600033EE0BBA052086ED040A96ED030A8DED8A
:1070700004CA8DED05BA31EE0DDA35EE000A8DED5C
:1070800003DA86ED030A96ED020A34EE000A86ED75
:10709000020A03F0D9FD3068F9F7D2FC306896EDAA
:1070A000030A90ED073A90ED084A90ED062A90ED1C
:1070B000051A33EE000A31EE088A86ED030A96EDD2
:1070C000040A8DED028A34EE000A86ED040A96ED7C
:1070D000020A32EE000A86ED020A90ED030A30EE53
:1070E0000AAA90ED040A02208DED00AA30EE099A5A
:1070F0008DED019A03F0A8FD013599E7FFF740FCFB
:10710000264C27492046FAF757FC2046FAF7E8FBB9
:107110003FE09FED250A9FED261A0020694603AA4D
:107120000C280ED00B18FFF76BFC1318FFF768FC48
:107130003318043093ED022A82EE012A83ED022AED
:10714000EEE703A86946224603F05CFA242003F028
:1071500035FF9FED180ADFED180A7060FEF770FC2E
:107160000E4D2846FAF7BCFB0D492846FAF724FCD9
:1071700006F12C004FF47A71FAF784FE06F108024A
:1071800006F1380307CA07C3284694EC040AFAF745
:107190000FFC0120BDEC125B70BD00BFBC220020C3
:1071A000F8020020000000000000484248090020CA
:1071B0000000C842CDCCCC3D00007A4430EE600ADD
:1071C000B5EE400AF1EE10FA08DDB4EE410AF1EE38
:1071D00010FAC4BF30EE810A704709E0B1EE412ACF
:1071E000B4EE420AF1EE10FABCBF30EEC10A7047AD
:1071F00030EE200A7047000090ED001AB5EE401AFC
:10720000F1EE10FA09DDB4EE601AF1EE10FA10DDBD
:1072100031EE601A30EE200A0FE0B1EE602AB4EED3
:10722000421AF1EE10FA04DA31EE201A30EE600A5A
:1072300003E031EE000A9FED021A80ED001A70475C
:107240000000000082B0214800680168890623D44C
:107250001F490968C90626D5002124230091016829
:1072600000914068009000981A4800680268016820
:1072700021F00101120301604168436089B214D416
:107280000268122942F400220260026842F0010200
:10729000026008D1114815E00021019101680191B7
:1072A00040680190019802B070470B4A1229136898
:1072B00023F400231360026842F001020260F2D15D
:1072C0000648243002B003F025BF00BFD02E0020B6
:1072D00000480040002700202860024018300020AD
:1072E00010B5054C2068C06AFFF778FD2068006B78
:1072F000BDE81040FFF772BD88070020F8B50646CC
:107300001D4814460D46007808B902F067FEEFF3F9
:1073100011874FF0200181F311883046224629461B
:1073200000F004F887F31188F8BD00BF70B50D4672
:107330001149FFF75FFAC86A01F11806022809D05F
:1073400001280ED020B9304602F084FEA0420ED2B1
:1073500000240EE0304629462246BDE8704002F087
:107360001DBF304602F076FEA04238BF0446FFF74C
:107370008FFB204670BD00BF041E002082B0E0B528
:10738000CDE9042304AA019201AA00F005F8BDE8A2
:107390008C4002B0704700002DE9F04F9DB00F46C1
:1073A000002105901C904020904600241A911990CD
:1073B00008A81B91189018AE07923D4615F8011BBE
:1073C000252907D0002900F02F81304602F0C6FEA3
:1073D0002F4600E1B81C4FF0000B2978232907D075
:1073E0002B2907D02D2907D030290BD1022104E009
:1073F000082102E0042100E001214BEA010B0130E9
:107400000135EAE74FF0000A30290AD3392918D8A4
:107410000AEB8A0201EB4201A1F1300A10F8011BCC
:10742000F2E72E290DD100250178A1F13002092AB9
:1074300009D805EB8502013001EB4201A1F13005CD
:10744000F2E701380025471CA1F16300092809D89B
:10745000DFE800F0484DC1C1C105C1C1C10517F841
:10746000011BF1E7A1F17000082814D8DFE800F053
:1074700005B3B323B333B3B31800D8F80000102218
:107480000823011DC8F800100168082000900020A2
:10749000019030469DE0252950D0582940F09B802E
:1074A000D8F800001022011DC8F800100168CDE9CD
:1074B00000AB30468CE0FFF765F8046821780029BE
:1074C00000F08980304602F049FE1B980134B0F18B
:1074D000FF3FF3DC7FE0FFF755F80168CDE900AB33
:1074E000304674E0FFF74EF80178304628E0D8F8CF
:1074F00000004FF00109011DC8F80010D0F800800D
:10750000B8F1000F4046C8F1000248BFC8F10000C2
:107510000A210A2804D3B0FBF1F009F10109F8E7C8
:10752000A94538BFA946BAF1000F0CD0B8F1000F39
:1075300054BF5FEA4B70AAF1010A06E030462521EC
:1075400002F00CFE47E04FF0000A1BF0020100D0F1
:10755000E5B15FEACB7019D1BAF1000F16D00AF18C
:107560000106484604910692CA4538BF504603902A
:10757000013EB14507D218A8202102F0EFFD1B9C67
:10758000002CF5D547E0069ADDE903A1002C42D492
:107590000C46B8F1000F06D45FEA4B7006D4CDF864
:1075A000188018AE09E006922D2102E02B21CDF8BB
:1075B000188018AE304602F0D1FD1B98002810D478
:1075C00094B9DDF81C8006993046CDE900AB0A225B
:1075D0002B4602F049FD1B9CB4F1FF3F3FF7EDAE97
:1075E0002EE0DDF81C80F6E70BF001002843E8D11F
:1075F000BAF1000FE5D0C8460AF10106CA4538BF06
:10760000D046013EB1450AD218A8302102F0A6FDAD
:107610001B980028F5D5DDF81C8018AEDBE7C246C4
:10762000DDF81C8018AECEE7012C08DB1A9D25B1D1
:1076300008A905982A46FFF761FE2C4400E00024C3
:1076400020461DB0BDE8F08F0168826BCB6822F840
:10765000023BC38F013BC3878263C28F2AB94A684A
:1076600022F040024A60C18E01B1704700F032B88A
:107670007346FFF73FF89E4606D101684A6822F03C
:1076800060024A60C18E01B1704700F023B8026BFE
:10769000016832F8023BCB60C38E013BC3860263B4
:1076A000C28E2AB94A6822F080024A60C18F01B1B5
:1076B000704700F00FB87346FFF73BF89E4606D1BF
:1076C00001684A6822F080024A60C18F01B17047A8
:1076D000AFF300801CB50446DF48FEF7D3FF024637
:1076E000FFF721F8019931B10199013901918168C0
:1076F0008907F7D501E0FFF704FAFEF7E3FF08B1C9
:10770000FFF7FFF9A06808B9FFF7DDF8606D28B151
:107710000120FFF79BF8FCF74FFD1CBD94F85100CA
:10772000012184F85110042803D12046FCF72AFED9
:107730001CBD2046FDF706F91CBD00BF1CB5044664
:10774000C548FEF79FFF0246019830B10198013805
:107750000190FFF777F8F7D504E02068616D41F0FC
:1077600020016165416821F0A0014160FEF7AAFF98
:1077700008B1FFF7C6F9A06808B9FFF7A4F8FFF74A
:10778000F3F803D02046FCF717FD1CBD2046FDF79B
:10779000D7F81CBD806B01684A6822F003024A607A
:1077A000416D41F010014165012180F85110FCF755
:1077B00003BD806BFCF716BE806BFDF7C2B8806B13
:1077C000FDF7C2B8B0B5FEF7D9FFFFF759F823D4DB
:1077D0002068A168436823F02003436031B96168E1
:1077E000B1F5827F02D16FF0030101E06FF001017A
:1077F0004368194041602046642100F056F808B102
:10780000202060650020E087FFF7AEF804D0204616
:10781000BDE8B040FCF7D0BC2046BDE8B040FCF766
:10782000B1BDBCB5FEF7AAFFFFF72AF818D4FEF7E2
:107830007AFF416821F002014160FEF743FF08B181
:10784000FFF75FF9A06808B9FEF7B5FF0020E086F2
:10785000FFF78AF804D02046BDE8BC40FCF7ACBC7A
:107860002046BDE8BC40FDF76BB8B0B5FEF786FF1B
:10787000FFF706F814D4FEF756FFFEF723FF08B112
:10788000FFF73FF92068FEF7F6FF0020E086E0876B
:10789000FFF76AF804D02046BDE8B040FCF78CBC86
:1078A0002046BDE8B040FDF74DB8BCB50446406881
:1078B0000B46B0F5827F0ED1A068B0F5004F02D024
:1078C000B0F5806F0CD12168B0F5806F0D6825F0A0
:1078D00040050D6004D1002520460121009203E0FF
:1078E0000092002520468021002200F057F820B1A8
:1078F000606D032540F0200060652846BCBD000097
:107900007CB50D46164600920221012204462B4604
:1079100000F044F828B1606D032640F02000606557
:1079200021E04D4811490068B0FBF1F04FF47A7145
:10793000484301906068B0F5827F0AD120468021DB
:1079400000222B460096002600F028F80028E2D1FD
:1079500009E0019830B101980138019020688068F1
:107960000006F6D4002630467CBD00BF00366E010E
:10797000026B016832F8023BCB60C18E0139C186CF
:107980000263C18E01B17047FFF7D8BE7346FEF7A0
:10799000D0FE9E4600D07047FFF7D0BE2DE9F843D9
:1079A000089F1C4615460E468046FBF719FA381A02
:1079B0000719FBF715FA8146274801340068C0F320
:1079C000CB3078430090D8F8000081683140891BA3
:1079D000B1FA81F14909A9420FD0002CF5D0FBF78B
:1079E000FFF9A0EB0900B8420AD2009800990139CA
:1079F0000091002808BF0746E5E70020BDE8F883AE
:107A0000D8E900014268B1F5827F22F0E0024260CD
:107A10000BD1D8F80810B1F5004F02D0B1F5806F46
:107A200003D1016821F040010160D8F82810B1F5B8
:107A3000005F07D1016821F400510160016841F441
:107A400000510160002088F85000012088F85100A2
:107A50000320BDE8F88300BFBC0000200000000048
:107A6000074B19680868B0E8F04F80F30988BFF346
:107A70006F8F4FF0000080F31188704700BF00BF88
:107A800044060020C149C97A01F0FE01022918BF4D
:107A900000F092B900F07CB94048FEF7F9F9404D8A
:107AA000002100262C4601C4FEF75AFB204600F0B8
:107AB000A1F9286890ED140AB5EE400AF1EE10FA2B
:107AC00009D10667FEF7D8FC2868016D81660120A0
:107AD00003F0BAF8EDE7334C0026062E08D0204616
:107AE00005EB8607FEF7AAFA786174340136F4E7ED
:107AF000DFF8B4809FED2D8A2D4F9FED2E9A2C1D1F
:107B0000002698F80A0000F0FE00022824D16869D7
:107B1000FEF742FDA869FEF73FFDE869FEF73CFD70
:107B2000286AFEF739FD686AFEF736FDA86AFEF797
:107B300033FD6869FEF7C4FA686AFEF7C1FA2046A9
:107B4000FFF7A0FF287902280FD0012811D0A8B98B
:107B5000204600F031F911E000200628E9D005EBBD
:107B60008001013049698E63F7E72046F9F76CFC24
:107B700004E0204600F0BEF800F028F92868B0EED6
:107B8000490AF0EE490A90ED1C1AFEF7FDFB286841
:107B9000FEF772FC022003F057F8B2E768020020FB
:107BA000880700200C030020F42F002000609F4570
:107BB000015F000800000000B0B5264D04469FEDAF
:107BC000261A9FED2A2A286890ED1A0AB4EE410A77
:107BD000F1EE10FA04DA30EE020A80ED1A0AF5E747
:107BE0009FED1E1A9FED202AB4EE410AF1EE10FA25
:107BF00004DD30EE020A80ED1A0AF5E7FEF7C6FA58
:107C000028689FED172A90ED141A90ED1A0A30EEAD
:107C1000411AB0EEC11AB4EE421AF1EE10FA04DACB
:107C20000020208101202071B0BD217901B1B0BDBB
:107C3000218940F6C5120131218189B29142F6D3E2
:107C40009FED081A40F20111A18030EE010A80ED8B
:107C50001A0AB0BD88070020DC0F49C0DC0F49407C
:107C6000295C0F3D930A863FDC0FC9C0DC0FC94079
:107C70001349897A022903D012490978012909D1C7
:107C8000C17809B18178C1B935490968097A3129C2
:107C900004D012E0C17809B1817871B900219FED5B
:107CA0000B1A017140F2011141800749096891EDF9
:107CB0001A0A30EE010A81ED1A0A0021417070475C
:107CC000F42F0020D809002088070020930A06BF5F
:107CD0004389384900220133096843819BB2B3F5D7
:107CE000FA7F0A6704D9826042714270086D886623
:107CF000704700BF2549C97A022904D0032918BF5B
:107D0000704700F02FB800F001B800BF13490978A0
:107D1000012907D029B91D49097D01290DD1C17853
:107D2000A9B170470E4A19491268097D127A312AA1
:107D300008BF012905D00129F3D000214170C1708D
:107D40007047C278002AF6D102791AB9F3E70179AF
:107D50000029E6D001214170704700BFD8090020FA
:107D6000602F00200949B1F90810B1F5FA7F02DD52
:107D7000817841B17047633189B2C6299CBF002127
:107D8000A0F801107047012141707047F42F0020C6
:107D900010B504460078012808BF10BDF9F754FB60
:107DA0000120207003480068016D8166BDE8104025
:107DB000FFF796BA8807002010B50446007802281D
:107DC00003D0F9F741FB0220207010BD084840782D
:107DD000032805D0012806D040B90548FFF7ECBEBE
:107DE0000348FFF775BF0248FFF742BF704700BF67
:107DF0008C07002001218180002101607047000074
:107E000070B5002844D0294E0446307803283FD866
:107E1000311D80B10A685AB1236815689D4207D1A7
:107E2000636855689D4203D1238912899A422FD0F5
:107E300004310138EDE7E07A322829D8A07A3228D7
:107E400026D87E2003F0BAF810B37E210546F8F755
:107E500022FB6168206869602189286000682981A7
:107E6000217BA972D4F80D10C5F87610D4F8111042
:107E7000C5F87A10A17AE972E17A85F83E10414995
:107E8000884208D04049884201D1404805E0FEE7D9
:107E90000025284670BD3D480130C5F87200307895
:107EA000411C06EB800031704560F2E74C08002071
:107EB000F8B5F0B10E46E1B11746D2B11D46C3B1D7
:107EC000044680F83E503F302946F8F7E4FA20682F
:107ED0002C49006888420FD02B49884215D12B4885
:107EE0000078B0FA80F04009C0074FF00100FBD1E4
:107EF0000BE000252846F8BD24484078B0FA80F011
:107F00004009C0074FF00100FBD1218960680022C1
:107F1000FAF761FF21896068FAF758FFD4F8721008
:107F200084F871000870A07A58B1012822D0022884
:107F300006D12068394632462B46FCF7A9FB1FE0E4
:107F4000FEE720684FF47A7132462B46009139469D
:107F5000FCF7D3FA6068218901220125FAF73BFF7B
:107F600021896068FAF732FFD4F8721084F8710042
:107F70000870BFE72068394632462B46FCF7FCFB09
:107F80000125B7E70038004000300140B80000206C
:107F900070B5D8B10D46C9B11446BAB106460C3019
:107FA00029462246F8F7F8F9706831890022FAF775
:107FB00012FFB07A68B1012819D0022805D13068C3
:107FC00029462246FCF72EFC16E0FEE70024204658
:107FD00070BD3068294622464FF47A73FCF703FAE5
:107FE0007068318901220124FAF7F5FEEFE7306865
:107FF00029462246FCF75EFC0124E8E7FDF7F8FC81
:10800000FEF7C6FBFCE7000080B54FF0500080F3A0
:108010001188BFF36F8FBFF34F8F03F007FB18B1C9
:1080200003484FF080510160002080F3118880BD2B
:1080300004ED00E0B0B592B000241421CDE90A446B
:10804000CDE9084401A8F8F748FA20480094022531
:10805000016841F080510160006800F0805000909C
:10806000009800941A48016841F48041016000685A
:1080700000F480400090072010951190A8200F90E8
:1080800006200E904FF48000CDE90C504FF4803064
:10809000079001200690009806A8FBF7F9FE08B1AA
:1080A00072B6FEE74FF48050CDE9025405210590E9
:1080B0004FF4A05004900F20019001A8FBF7F6FDAB
:1080C00008B172B6FEE712B0B0BD00BF4038024042
:1080D000007000400248016841F47001016070477F
:1080E00088ED00E00148FCF776BD00BF882E002037
:1080F0000148FCF770BD00BF402E002070B52D4A2E
:108100000368904218BFB0F1804F45D14C6823F00E
:1081100070032343904220D0B0F1804F1DD0264CF5
:10812000A0421AD0254CA04217D0254CA04214D012
:10813000244CA04211D0244CA0420ED0234CA0428B
:108140000BD08A4CA04208D0214CA04205D0214C33
:10815000A04202D0204CA04203D1CC6823F440734B
:1081600023434E6923F080030C688D6833439042AB
:108170000360C562846203D002F58062904201D13F
:1081800009690163012141610169C90703D00169DE
:1081900021F00101016170BD074CA042B6D0074C2F
:1081A000A042B3D0714CA042B0D0054CA042ADD09B
:1081B000B2E700BF0000014000040040000800409A
:1081C000000C004000180040001C0040002000404F
:1081D00000400140004801400044014010B501F05A
:1081E0001F010123046A8B4002FA01F124EA030310
:1081F0000362026A1143016210BD0000F0B5036A18
:10820000026A5A4E22F0010223F00203A6F58067AB
:1082100002628C68D1F800C0456823438469B84283
:1082200018BFB04210D1CA6823F00C0322F0040238
:108230001343B84218BFB04206D125F44072D1E9C9
:1082400005562A4342EA060524F07302456042EAD5
:108250000C028261496841630362F0BDF0B5036AB4
:10826000026A424E22F01002A6F5806723F0200336
:10827000FEF7D9FBD0F818E018BFB04243EA041368
:1082800013D1CA686FF0400423F0C00304EA02125D
:108290001343B84218BFB04207D1D1E9052425F4F1
:1082A000406545EA820242EA84052EF4E6424560D2
:1082B00042EA0C228261496881630362F0BD00BF1B
:1082C000F0B5036A026A294E22F48072A6F580672F
:1082D00023F40073FEF7A7FBD0F81CE018BFB042F0
:1082E00043EA042313D1CA6840F2FF4423F44063F5
:1082F0001202A2431343B84218BFB04207D1D1E9DA
:10830000052425F4405545EA021242EA04152EF0F0
:108310007302456042EA0C02C2614968C1630362AC
:10832000F0BD00BFF0B5D0F820C0036A0F4A40F49A
:10833000806723F480539742036245680C688B681A
:10834000C66904D14A6925F4804545EA821526F4B8
:10835000E642456042EA0422C261496801642CF4A5
:10836000005141EA03310162F0BD00BF0004014049
:1083700010B5036A046A24F001040462846924F0DD
:10838000F00444EA0212826123F00A0211430162FE
:1083900010BD10B5036A046A24F0100404628469F5
:1083A00024F4704444EA0232826123F0A00242EADB
:1083B0000111016210BD806B0021C185C184FCF7F1
:1083C00095BD10B5846B2068416994F84120212A3D
:1083D00008D111F0800105D00020E084204600F093
:1083E00082F82068406994F84210222906D110F0E2
:1083F000400003D00020E085FEF7C7F9606C40F034
:10840000100060642046BDE81040FCF76FBD0168B5
:10841000806B0968C9052CD40021C185016851E829
:10842000031F026821F4807142E80313002BF5D189
:108430004DF808EDFEF735F95DF808EBF8D1016865
:1084400051E8051F026821F0400142E80513002BA6
:10845000F5D1202180F84210016B012909D1016872
:1084600051E8031F026821F0100142E80313002BBA
:10847000F5D100214163016B012918BFFCF74EBF04
:10848000818DFCF732BD806B01214163016B0129B5
:1084900018BFFCF77BBF818D4908FCF726BD01683A
:1084A00051E8031F026821F4907142E80313002B86
:1084B000F5D14DF808EDFEF7F4F85DF808EBF8D1CA
:1084C000016B012909D1016851E8031F026821F0FD
:1084D000100142E80313002BF5D1202180F842104F
:1084E000002101637047016851E8031F026821F011
:1084F000C00142E80313002BF5D1202180F8411080
:10850000704781B090F84210222920D18368B3F5DA
:10851000805F08D10169002949D000F128010A686B
:1085200003685B680AE0014651F8282F13B9036914
:10853000002BF5D003685B6803F07F0313700A68B3
:1085400001320A60C18D0139C185090401D001B031
:1085500070470168CA6822F02002CA60CA6822F423
:108560008072CA604A6922F001024A61202280F8C2
:10857000422000224263036B012B21D1026351E8A8
:10858000031F026821F0100142E803130168002B69
:10859000F5D10A68D20606D5002200920A68009238
:1085A000496800910099818D01B0FCF79EBC01687B
:1085B000826A49686FF35F2122F8021B8262C1E779
:1085C00001B0FCF7ABBE0000B0B50446006804F192
:1085D00008030ECB056925F4405519432A4349F297
:1085E0000C650261C26863691943E369AA431943D0
:1085F0001143C1604169A26921F440711143416195
:108600001B4940F48060884202D1FBF703FC01E083
:10861000FBF7F6FBE26919216368A0FB0101B2F5E3
:10862000004F10D15A00DB0FF7F73EFEFEF76FF850
:1086300003EBC000B0FBF1F14FF4F87000EA410029
:1086400001F007010DE09A009B0FF7F72DFEFEF7F2
:108650005EF803EB0010B0FBF1F101F0F00001F067
:108660000F0100EB0210084321688860B0BD00BF15
:1086700000140140F8B51346002504461D4E0A4675
:108680001E4F456483858162222084F84200E06B9E
:108690002168C0E91365184E0431C0E90F76FAF776
:1086A0005DFA009520680168009141680091009989
:1086B000216949B150E8030F216840F48070FEF74A
:1086C00098F901D02068F5E7206850E8050F216887
:1086D00040F0010041E80502002AF5D1206850E889
:1086E000050F216840F0400041E80502002AF5D15D
:1086F0000020F8BDC3830008878400080F840008A9
:108700000023C285436481622221828580F8421061
:108710000168006918B1C86840F48070C860486991
:1087200040F001004861C86840F02000C8600020A7
:108730007047000080B5FEF785FD0248BDE8804027
:10874000FCF7D6BBD02E00200148FCF7D1BB00BF00
:10875000182F0020F8B50A46D0F8D41200EB810398
:10876000D3F8C01211B302F00F0606EB860400EB3B
:10877000840555F8184F5CB1D0F8C87206EBC606F0
:1087800007EB8606F669B4FBF6F707FB16447CB1E7
:108790000024C1F81442D3F8C40203697BB1D1F8B4
:1087A000080201F504719847002408E0032406E05C
:1087B00000241146002200232C6000F0B6FC204665
:1087C000F8BDB0B50446D0F8D40204EB8000D0F870
:1087D000C05295B1204600F091FBC5F80C02D4F8C8
:1087E000D40205F5037104EB8000D0F8C402C2681E
:1087F000D5F8040290470020B0BD0320B0BD0000B2
:1088000070B5154E81210446B04700252046012150
:108810002587B04720468221A4F87851B047D4F884
:10882000D402E56404EB8000D0F8C01289B1D0F81E
:10883000C40240688047D4F8D40204F5307656F874
:10884000200000F0D7FED4F8D40246F82050C4F837
:10885000BC52002070BD00BFC18D000810B5D0F81B
:10886000D41200EB8100D0F8C04284B1D0F8C41219
:1088700059B194F80002FF2807D08B6894F80122C0
:1088800021469847FF2084F80002002010BD0320F5
:1088900010BD00000A210180004870473C01002003
:1088A0002DE9F041264F274CFDF7A0FFFDF766FEAE
:1088B000FDF7C8FE0EB11021B1710DB14021A980A4
:1088C00008B1402181804320A8F800001C48BDE881
:1088D000F08100BF2DE9F041194F1A4CFDF786FFDA
:1088E000FDF74CFEFDF7AEFE0EB11021B17115B1D2
:1088F0004FF40071A98010B14FF4007181804320C2
:10890000A8F800000E48BDE8F08100BF2DE9F04155
:108910000B4F0C4CFDF76AFFFDF730FEFDF792FEA2
:108920000EB11021B1710DB14021A98008B14021D3
:1089300081804320A8F800000148BDE8F08100BF15
:10894000F8000020018D00082DE9F84304464FF49B
:10895000077000F051FE002847D04FF4077105461C
:10896000F7F7BBFDD4F8D4024027DFF8A48004EB6E
:108970008000C0F8C052207CC4F8BC52002808BF58
:108980004FF4007720463B46812102220226C04751
:108990004FF001092046012102223B46A4F83890FD
:1089A000C0471020822103220823A4F87891A4F85C
:1089B0004E002046C047D4F8D4020027A4F84C90BB
:1089C000C5F8047204EB8000D0F8C4020068804748
:1089D000C5F81472C5F81872D5F80422AAB1207C23
:1089E00060B12046012140230CE0D4F8D4020021DC
:1089F000022604EB8000C0F8C01206E020460121E8
:108A00004FF4007300F0E6FA00263046BDE8F88324
:108A1000BD8F000880B5D0F8D41200EB8101D1F8E9
:108A2000C01261B1027C4023002A08BF4FF40073DA
:108A3000D1F80422012100F0CDFA002080BD0320EE
:108A400080BD39B1D0F8D42200EB8200C0F8C41246
:108A50000020704703207047D0F8D42200EB82003A
:108A6000D0F8C00218B1C0F80412002070470320EB
:108A70007047D0F8D43200EB8300D0F8C00228B1A0
:108A8000C0F81022C0F80812002070470320704779
:108A90007CB50446D0F8D4020D4600218DF80710AD
:108AA000ADF8041004EB8000D0F8C062002E50D066
:108AB000297811F0600212D0202A46D1EA88F2B15A
:108AC000090625D4402A28BF40226878314686F816
:108AD000012286F80002204600F081F82FE0687835
:108AE0000B282ED001282AD00A281ED068BB94F863
:108AF0009C02032829D101A9204602221DE0D0F8BA
:108B0000C40229460022002483686878984721E03F
:108B1000D0F8C4023146836868789847EA882046CE
:108B20003146072A28BF072207E094F89C02032851
:108B30000BD10DF107012046012200F062F800245C
:108B400008E094F89C020328F9D02046294600F05A
:108B50003BF8032420467CBD80B5D0F8D41200EB4E
:108B60008101D1F8C0327BB1D3F81422012162B95E
:108B7000C3F814128121D3F80822D3F81032C3624B
:108B800000F0D3FA002100E00321084680BD80B543
:108B9000D0F8B82252689047002818BF032080BD43
:108BA000002070470020704780B513460A46002118
:108BB00000F010FA002080BD80B513460A4600215F
:108BC00000F0B3FA002080BD10B58021044600F00B
:108BD0008DFA20460021BDE8104000F087BA80B52C
:108BE00013460A460321C0E95633FDF726FD00204F
:108BF00080BD80B5052100220023FDF71EFD002069
:108C000080BD80B513460A460221C0E90633FDF750
:108C1000B0FC002080BD80B5042100220023FDF7B8
:108C2000A8FC002080BD000010B5274C0A4602A019
:108C3000FDF770FC204610BD43444320436F6E6631
:108C40006967000012200880004870474801002032
:108C500010B51D4C0A4602A0FDF75CFC204610BD75
:108C600043444320496E7465726661636500000089
:108C700004200880004870477001002010B5124C95
:108C80000A4602A0FDF746FC204610BD53544D692C
:108C900063726F656C656374726F6E6963730000F5
:108CA00010B5094C0A4602A0FDF734FC204610BD61
:108CB00053544D3332205669727475616C20436F82
:108CC0006D506F7274000000E4090020B0B51A20E6
:108CD0000880094908688A6880180BD0074D4C68DD
:108CE0000822A91CFCF759FB05F1120120460422B9
:108CF000FCF753FB0148B0BD107AFF1F7401002040
:108D000010B50278438893420DD994B29C420AD29E
:108D10000478204422444478052CF6D184788C428F
:108D200008BF10BDF1E7002010BD0021027812B18C
:108D300001300131FAE7C8B2704770B5B0B11646DC
:108D40000C460546FFF7F1FF0221032201EB40002C
:108D500030802070002062702A783AB1CBB20231A4
:108D60000135E25443F00102A054F5E770BD000064
:108D7000032884BF032070470249C00021FA00F095
:108D8000C0B270470003010378B10023C0F8D032AD
:108D9000C0F8C432C0F8B83209B1C0F8B412012129
:108DA000027080F89C1200F0ADB80320704780B5C7
:108DB000D0F8C802FAF73AFABDE88040FFF7D8BF0A
:108DC00080B5D0F8C802FAF711FABDE88040FFF785
:108DD000CFBFB0B5044669B194F89C02032847D1CF
:108DE000D4F8B8024269002A42D0FDF71EFC0028E0
:108DF0003ED0B0BDD4F89402022833D1D4E90701A3
:108E000088420DD9431A114620461A46E361FFF7FE
:108E1000D3FE204600210022002300F0DBF821E0F1
:108E20000FD1A16981420CD3D4F89802814208D2B3
:108E30002046002100220025FFF7BEFEC4F898520C
:108E4000E7E794F89C02032805D1D4F8B802C1687A
:108E500009B1FDF7C3FC2046802100F047F9204608
:108E6000FFF7C7FE94F8A00210B1002084F8A0021A
:108E70000020B0BD10B5044659B194F89C020328F7
:108E800028D1D4F8B802826922B3FDF7CEFB08B32B
:108E900010BDD4F8940203281CD1D4E9570398429A
:108EA0000BD9C01A1146C4F85C01984238BF03467A
:108EB00020461A46FFF778FE0CE094F89C0203283F
:108EC00005D1D4F8B802016909B1FDF787FC204645
:108ED000FFF7A1FE002010BD0020704780B50121E2
:108EE00080F89C12D0F8B82232B1017952689047CC
:108EF000002818BF032080BD002080BDD0F8C80224
:108F0000FAF7BDB910B5017831BB1449C0F8C812E1
:108F1000C1F8E004042008714FF0A0400860002070
:108F2000C8810220C1F809004FF40070C8800846CB
:108F3000FAF7C3FD08B1F8F7CCFC084C80212046B5
:108F4000FAF705F9204600214022FAF704F92046F5
:108F500001218022FAF7FFF8002010BD74280020BC
:108F600001F07F02D0F8C802090602EBC20200EB52
:108F7000820000F1160258BF00F2562210787047A6
:108F800080B5FDF7EBFA08D090F89C32032B02D1A4
:108F9000126A02B19047002080BD032080BD80B5D9
:108FA000FDF7DCFA08D090F89C32032B02D1526A0C
:108FB00002B19047002080BD032080BD10B514464B
:108FC000D0F8C8021A462346FAF762F9BDE8104005
:108FD000FFF7CEBE80B5D0F8C802FAF784F9BDE835
:108FE0008040FFF7C5BEF8B501260025044680F88D
:108FF0009C62C0F8A452456080F8A052C0F8945218
:10900000D0F8B80250B142683AB1204600219047EA
:109010000546002818BF032500E000252046002152
:10902000002240234027FFF7C9FF2046802100226D
:109030004023A4F86461C4F86071FFF7BFFF2846BD
:10904000A6842762F8BD90F89C12042904BF90F80A
:109050009D1280F89C120020704780B590F89C12F9
:10906000032905D1D0F8B81211B1C96901B18847F7
:10907000002080BD01740020704780B5D0F8C80280
:10908000FAF7D1FDBDE88040FFF772BEB0B500F23F
:10909000AA250446284600F051F80120C4F894029D
:1090A000B4F8B002C4F8980294F8AA0200F01F01C4
:1090B000022908D001290CD089B920462946BDE8EB
:1090C000B04000F06DB820462946BDE8B04000F041
:1090D000BFB920462946BDE8B04000F05BBA00F0B9
:1090E00080012046BDE8B040AFF3008080B5D0F8E5
:1090F000C802FAF714F9BDE88040FFF739BE80B521
:10910000D0F8C802FAF7A3FDBDE88040FFF730BEF3
:1091100090F89C1204291CBF90F89C1280F89D12B4
:10912000042180F89C120020704780B5D0F8C80256
:10913000FAF729F9BDE88040FFF71ABE0A780270F5
:109140004A7842704A8842808A888280C988C18071
:1091500070471CB504460020ADF80600A9B1D4F84C
:10916000D402C4F8B81204F52E7151F82000C16A77
:1091700021B10DF106008847C4F8D002D4F8D80216
:109180000130C4F8D80200201CBD03201CBDD0F85B
:10919000B8220AB11268104700207047FFF7AFBF2E
:1091A000BCB5044608780D4610F0600011D0402888
:1091B00002D0202840F03D81D4F8D402294604EBA7
:1091C0008000D0F8B8028268204602B0BDE8B04006
:1091D00010476878092800F22C81DFE810F00A00B7
:1091E0001E002A012C002A01360055002A016B00BE
:1091F0007D00FDF77CFB00F21C81E888022840F02E
:109200001881D4F8A40203222146002808BF0122B5
:1092100041F80C2F2046022208E1FDF768FB00F21E
:10922000088168880025012840F00681C4F8A4520E
:10923000FDF700FA00E1688802286BD0012840F0B1
:10924000F8800120C4F8A402F8E0A888002840F0C3
:10925000F080E888002840F0EC8068887F2800F2E1
:10926000E88094F89C12032900F0E380C5B284F8EA
:109270009E0220462946FFF700FFFDF7DBF9002D8F
:1092800000F0DF800220DDE000204FF0FF31ADF87C
:109290000600688801EB1021062900F2CA80DFE889
:1092A00001F004444BC8C8586200D4F8B412207CC2
:1092B0000A68ACE0E888012840F0BB8094F89C0282
:1092C000411E02292AD2002521462046012241F8CA
:1092D000085FFFF796FCAFE068885C4D10F0FE0F6A
:1092E000287003D0FDF742F90325A5E0C1B294F838
:1092F0009C02032843D0022859D1002900F09E8007
:1093000020466160FFF743FF002867D00546FDF760
:109310002DF948E0687984F8A0028FE0032840F036
:109320008880211D2046012280E0217CD4F8B802EB
:10933000002942D0C16A41E0C0B2052800F279801C
:10934000DFE800F0035054585C60D4F8B40242687F
:109350005BE0207C00286CD1D4F8B802416B0DF1A1
:109360000600884756E0207C002862D1D4F8B80275
:10937000016B0DF1060088470146072023E021B369
:10938000606888425AD0C1B2FDF72DFA297820468C
:109390006160FFF7FCFE002850D00546FDF7E6F8B7
:1093A0002179FDF720FA022084F89C0244E0FDF7C1
:1093B000DDF82978FDF717FA96E7816A0DF10600C6
:1093C000884701460220487025E0022061600021A4
:1093D000002584F89C02FDF706FA29E7FDF72AF933
:1093E00003202FE0D4F8B40282680EE0D4F8B4026F
:1093F000C2680AE0D4F8B402026906E0D4F8B40204
:10940000426902E0D4F8B402826992B1207C0DF185
:10941000060190470146EA8882B1BDF8060040B1D6
:10942000904238BF0246ADF806202046FFF7E9FB20
:1094300001E0FDF79BF800252846BCBDFDF7FAF8D2
:10944000F9E7012084F89C02F5E700BFE00900205D
:1094500070B5044608780D790E4610F0600016D0FD
:10946000402801D0202877D120462946FFF798FBD5
:10947000002873D10020C4F8D402D4F8B80282685E
:10948000002A6BD020463146BDE870401047707806
:10949000B0B101282ED003285ED194F89C02032895
:1094A0002CD1708848B945F08000802805D0F0881C
:1094B00018B920462946FFF719FEFDF7BBF84DE025
:1094C00094F89C02032828D0022845D145F080005A
:1094D000802841D105F07F002A0600EB800004EBD4
:1094E000800000F1140158BF00F5AA710020086047
:1094F00020464BE094F89C02032831D002282BD15F
:1095000045F08000802827D020462946FFF7EEFD51
:1095100020468021FFF7EAFD20E005F00F0115F05D
:10952000800001EB810104EB810114BF898CB1F84B
:10953000641189B105F07F01002845F0800001EB3E
:10954000810104EB810101F1140608BF01F5AA763F
:10955000802811D1002016E0FDF708F8002070BD2A
:1095600070880028FAD1680603D020462946FFF704
:109570001EFCFDF75FF877E720462946FFF7F0FC71
:109580000028E7D001203060204631460222FFF754
:1095900038FBE3E7B0B5044608780D4610F06000EC
:1095A00018BF40280DD1FDF7A2F90CD8A88810F0FB
:1095B000FE0F08D1C1B22046FFF7F4FA38B10320FC
:1095C00010E02028EFD0FCF7D1FF0020B0BDD4F888
:1095D000B8028268002AF2D000202946C4F8D402DA
:1095E000204690470028F1D1E9880029EED1FDF707
:1095F00021F8EAE77047000000487047E40B0020BC
:10960000B0B50A784C7802F00F03012C16D1012472
:10961000FDF728FA530100F51060C458240422D441
:109620001C588D6809796FF3DF2545EA8252224381
:1096300042EA81410D4A1143195014E04FF480343D
:109640005201FDF70FFA00F5306083581B040AD46D
:1096500013588C6809796FF3DF24234343EA81416F
:10966000024B194311500020B0BD00BF0080001014
:10967000D0F8001940F2FF729143C0F80019D0F8F9
:10968000041841F48071FCF7A0BF000070B50446D7
:1096900002F47F400D46B0F5807F17D1A16B1B4AC5
:1096A000049821F48031C0B2A163E1681140E16007
:1096B0000128E16821F44011E16003D1E06840F441
:1096C0008010E060204600F023F810E0E0681E46BD
:1096D00040F04000E060204600F01AF8A16B16F45C
:1096E0007F4F14BF21F4803141F48031A16305F430
:1096F0007F01B1F5803F07D1A16841F00601A1606B
:10970000A16841F02001A16070BD00BFBFFFBDFF97
:1097100081B0002100917246FDF7C6F8964613D835
:109720000169B1F1FF3FF6DC00210091016941F0D0
:10973000010101617246FDF7B7F8964604D8016948
:10974000C907F7D1002000E0032001B070470000F6
:10975000B0B1A9B1B0B50D4A0023948C8B4210D2A0
:10976000A4B21F2C0DD8C45C158C01335455158C34
:10977000948C0135013405F01F0594841584EDE7C0
:109780007047BDE8B040F7F71DBF00BF646C002014
:1097900010B50A784B78184900EB4214012B0AD116
:1097A00004F51063D4F80049B4F1FF3F01DCFDF784
:1097B000CCF801240CE004F53063D4F8004B01F13F
:1097C0007071B4F1FF3F01DCFDF7BFF84FF4803456
:1097D00002F00F0204FA02F2D0F83C489443C0F8B9
:1097E0003C48D0F81C4824EA0202C0F81C2818683B
:1097F00008401860002010BD007833ECD0F8001E3F
:1098000021F00301C0F8001ED0F8041821F0020175
:10981000FCF7DBBED0F8001E21F00301C0F8001EEB
:10982000D0F8041841F00201FCF7CFBE2DE9FE4F3D
:109830008B468146180C41210023502903D049F85A
:1098400021300131F9E75FFA80FABAF1000F08D050
:10985000D9F8380020F40010FDF74EF940F400204C
:1098600011E0D9F8040840F00200C9F80408D9F85A
:10987000380040F40010FDF73FF920F40020FDF718
:109880003BF920F48020C9F83800002002F47F4121
:10989000B1F5807FC9F8000E02920DD1D9F80018F9
:1098A00009F50068B0EB1B6F0EBFC8F8001041F05F
:1098B0000100C8F8000007E0D9F8000809F50068C1
:1098C00040F00300C9F800084846102100F00DFAE6
:1098D0000190484600F0ECF95FFA8BF1002209F59F
:1098E00010634FF67F3500264901C8F81020C8F8EC
:1098F0001420C8F81C20B1420ED09F594FF090445C
:10990000002E08BF4FF0006404EAE7749C519C19D4
:1099100020362261A560EEE709F5306200234FF69C
:109920007F350026B1420ED094594FF09047002E5B
:1099300008BF4FF0006707EAE47494519419203689
:109940002361A560EEE7D8F8101021F48071C8F803
:1099500010100021C9F818106FF080411BF47F0F20
:10996000C9F8141005D1D9F8181041F01001C9F840
:109970001810D9F818100E4A1143C9F81810029996
:1099800011F47F0F05D0D9F8181041F00801C9F87B
:109990001810BAF1010F05D1D9F81810054A114372
:1099A000C9F818100199084318BF0120BDE8FE8FBF
:1099B00000383C8004000040816821F00101816092
:1099C0000020704710B5036C134CA34203D3D0F8AA
:1099D000003B002B1ED40023C0F8103B0129D0F817
:1099E000103B43F40023C0F8103BD0F8103B43F089
:1099F0001803C0F8103BD0F8103B43F0C043C0F848
:109A0000103B07D1C0F8142BD0F8001B41F0802187
:109A1000C0F8001B002010BD0B30544F0A784B7863
:109A20005201012B14BF00F5306000F5106083581F
:109A300023F400138350097901F0FE01022903D1B8
:109A4000115841F080511150002070470A78497830
:109A500000EB4210012919BFD0F8001B00F530605F
:109A6000D0F8001900F510602AB1002903D401686C
:109A700021F080410160016841F400110160002083
:109A800070470000F8B54B780C78012B2BD100EB18
:109A90004415D5F81069D1F810C005F51063BCF174
:109AA000000F44D06FF31206002C1E611E696FF385
:109AB000DC461E618E6867D00CEB0607013FB7FBE2
:109AC000F6FE5C4F1E6907EACE473E431E610E79E3
:109AD000012E64D11E6926F0C0461E614FF0C046BB
:109AE00006EA4E7758E000EB4413D3F8105B6FF3AF
:109AF0001205C3F8105BD3F8105B6FF3DC45C3F8B5
:109B0000105B03F530638D680E69ECB1FEB174191A
:109B1000013CB4FBF5F6B4B26C43464D0C626FF3F6
:109B2000DF4405EAC6451E6935431D6116E06FF343
:109B3000DC464FF0000C1E611E6946F400261E61D3
:109B40001F696FF312072FE006B10D610D621C69EA
:109B50006FF3DF452C431C614FF400241D692C4337
:109B6000012A1C6102D1CA6802B15A61097901292E
:109B70002FD1D0F80808C0054FF0805058BF4FF0E3
:109B800000501968084323E0B44591BF4FF4002703
:109B90000E614FF40027B4461E693E431E616646BF
:109BA0001F696FF3DF463743012A1F6117D1CA6966
:109BB0000AB1C5F81429097901290AD1D0F8081881
:109BC000D5F80009C9054CBF40F0805040F0005066
:109BD0001860186840F0044018600020F8BD630168
:109BE00000F51065EE5846F00446EE500E79012E51
:109BF00012D1D0F808685F59F6054FF0805658BF6B
:109C00004FF000563E435E511FFA8CF3C968009234
:109C1000224600F0A7F9E0E7BCF1000FDDD004F028
:109C20000F01012202FA01F1D0F834281143C0F8E3
:109C30003418D2E70000F81F81B0002200924A7861
:109C4000012A15D1097800F5106049014258B2F196
:109C5000FF3F22DC7346FCF76FFF9E46009B0133FB
:109C60000093009B93421AD80B58002BF6D414E0B3
:109C7000097800F5306049014258B2F1FF3F0CDC31
:109C80007346FCF759FF9E46009B01330093009BEF
:109C9000934204D80B58002BF6D4002000E001209A
:109CA00001B07047816841F0010181600020704778
:109CB00081B0002100917246FCF7F6FD964611D85E
:109CC0000169B1F1FF3FF6DC002100911021016133
:109CD0007246FCF7E9FD964604D80169C906F7D437
:109CE000002000E0032001B0704781B00022009204
:109CF000009A01320092009AB2F1706F12D8026994
:109D0000B2F1FF3FF4DC89010022203100920161B1
:109D10007246FCF7C9FD964604D801698906F7D456
:109D2000002000E0032001B07047D0F8080810F0D0
:109D3000060004BF00207047062803D002281CBF7D
:109D40000F20704702207047406900F00100704703
:109D5000D0F81818D0F81C08084080B27047D0F826
:109D60001818D0F81C080840000C704710B5D0F83F
:109D70001028D0F8344801F00F0300EB4110D0F860
:109D8000080924FA03F3DB01DBB21A43104010BDCB
:109D900000EB4111D1F8081BD0F8140808407047B7
:109DA0004169806908407047B0B593084FF480540A
:109DB00023B10559013B41F8045BF9E712F00302B6
:109DC0000BD04FF48053C058002320FA03F408331B
:109DD000013A01F8014B1404F7D10846B0BD000068
:109DE00001490860704700BF606C0020B0B50446B0
:109DF000C06820F0C040E060A9B101291CBF01206B
:109E0000B0BDE068002540F00050E0600A20F8F79F
:109E1000D5FE616905F10A00BD2D15D811F00101CB
:109E20000546F3D010E0E068002540F08040E06097
:109E30000A20F8F7C3FE616905F10A00BD2D03D8B9
:109E400011F001010546F3D1C838B0FA80F040099D
:109E5000B0BDD0F8002801F07F0122F4FE62C0F806
:109E60000028D0F8002842EA0111C0F800180020AC
:109E700070470000022A34D1284A294B0A449A42EA
:109E800002D24FF470512EE0264A274B0A449A42E0
:109E900002D24FF4605126E0244A254B0A449A42EC
:109EA00002D24FF450511EE0224A234B0A449A42F8
:109EB00002D24FF4405116E0204A214B0A449A4204
:109EC00002D24FF430510EE01E4A1F4B0A449A4210
:109ED00002D24FF4205106E01C4A1D4B0A449A421C
:109EE0000AD24FF41051C26822F47052C260C268A4
:109EF0001143C16000207047164A174B0A449A422A
:109F000002D24FF40051EEE7144A154B0A444FF4C5
:109F1000C0519A4238BF4FF4E051E4E7405327FF65
:109F200000350C00401E1BFF40420F0000DC0BFF01
:109F3000804F1200808CF9FE20D6130060B6E5FE3B
:109F400060E3160000D3CEFE40771B00C05BB3FE7B
:109F5000C091210000CA91FE20753800E05459FEDE
:109F6000E09C410010B5029C0CB1002010BD0333F1
:109F7000120300F580509B08002BF6D051F8044BDB
:109F8000013B1450F8E7B0B531B31446026819B379
:109F900008CC01395D8DAA42F9D1D3F83710D9B177
:109FA000026900F11C0183F834202C33D2B2184628
:109FB000F6F7F2F954F8040C4FF6FF73B0F83510C9
:109FC00001318AB2D21A18BF0A46D0F83710A0F869
:109FD0003520BDE8B0400847B0BDFEE710B5144CD1
:109FE000A8212046F6F779FA032013492061606121
:109FF0001048A061E1614FF4806121620021A162FB
:10A000006162E16220660D4860661020A0662167EB
:10A01000E16661670F200AA1BFF35F8F421C04D085
:10A020000A5C013804F8012BF8E7BFF35F8F10BD1D
:10A03000041E00209DC90008BC1E0020AC1E00208C
:10A040000000000000005454522052454747455339
:10A0500000000000C268016991428FBFD043D24323
:10A0600011448068084470472DE9F84F8146DDE9C6
:10A070000AA01F4615460E464FF0010BA94204D315
:10A08000B1FBF5F10BF1010BF8E7BB4538BFBB465F
:10A0900000F00101BAF1000F00911ED0E9B980076C
:10A0A0004FF020085C4648BF4FF03008002F4FF0BB
:10A0B000200018BF8046D34588BF5446D3450BD2F5
:10A0C0004846414600F04AF8D9F80C00AAF1010AC6
:10A0D000B0F1FF3FF2DC00E0A246D9F80C00002806
:10A0E00031D40124022F01D3013F03E0B6FBF4F089
:10A0F000A84201D36C43F5E70FF25008B6FBF4F722
:10A10000484618F8071000F029F8D9F80C00002884
:10A1100006D4B4FBF5F007FB1466AC420446EDD25E
:10A12000009880B1BAF1000F0DD00AF10104013C92
:10A13000A34508D24846202100F010F8D9F80C00B9
:10A14000B0F1FF3FF3DCBDE8F88F00BF30313233B0
:10A1500034353637383941424344454610B5D0E9A5
:10A1600001230446581C904201D9184606E0226893
:10A17000D154A060E16862680131E16090420CD185
:10A1800021682069FDF7BAF8A16888421EBF4FF028
:10A19000FF30E06010BD0020A06010BD2DE9F84345
:10A1A000C76814460D4680464FF00009D8F81000E5
:10A1B000F943B84203D9D8F80820014403E0D8F89D
:10A1C000082008448118D8F80400D61BB14238BFD3
:10A1D0000E462946A64228BF26463844FCF7CDFB4A
:10A1E000D8F80810F0193544B144471A18BF07468B
:10A1F000A41BBFF35F8FC8F80C70D7D14846BDE8E9
:10A20000F8832DE9F0410446884640681546D4E9B4
:10A2100002168F1B3044974207D941462A46F6F76B
:10A22000BBF83544BFF35F8F0CE041463A46F6F782
:10A23000B3F8ED1B606808EB07012A46F6F7ACF8A7
:10A24000BFF35F8FE560BDE8F08130EE210A70EE6C
:10A25000820A31EE221A704730EE610A70EEC20AAD
:10A2600031EE621A7047000080B52DED068BB0EE1E
:10A27000418AB0EE609AB0EE40AA00F06FF8104943
:10A280009FED0E1A10EE100A9FED0E2AF0EE490A0D
:10A29000A1EB600020EE011A00EE100A21EE001A78
:10A2A00001EE002AB0EE481A62EE001AB0EE4A0A39
:10A2B000BDEC068BBDE8804000F042B812D336BF3B
:10A2C00012141F5FFF51D83F20EEA23A21EE214A1F
:10A2D00001EE423A00EE624A20EE021AB0EE430A64
:10A2E00000EEE11AF0EE440A7047000020EEA02ACA
:10A2F00011499FED103A9FED114A00EE002A01EE40
:10A30000012A01EEA12A12EE100A22EE033AA1EB75
:10A31000600002EE100A23EE023A03EE024A24EE37
:10A32000022A20EE020A60EE820A21EE021A61EE93
:10A33000821A704712D336BF12141F5FFF51D83FE5
:10A3400020EE210A60EEA10A21EE211A704720EECC
:10A35000210A60EE820A21EE221A704780B5FCF7CE
:10A36000DBFAFFF7F4FF30EE200A31EE000A80BD81
:10A3700010B5074C00F00F03B0F1FF3F034A234430
:10A38000C8BF83180801187010BD00BF00E400E0CA
:10A3900014ED00E0B0B50025B5EB920F33D022F0FC
:10A3A00003049FED220A4FEA920E00EB840C0D4647
:10A3B00090ED001A95ED005A90ED012A95ED016A95
:10A3C00090ED023A95ED027A21EE051A90ED034ADE
:10A3D000D5ED030A30EE010A22EE061A30EE010A2C
:10A3E00023EE071A30EE010A24EE201A30EE010A9D
:10A3F000BEF1010E00F1100005F11005D8D101EBFE
:10A400008401604601E09FED090A12F0030209D0C1
:10A41000B0EC011AB1EC012A013A21EE021A30EE39
:10A42000010AF5D183ED000AB0BD00BF00000000B5
:10A4300080B50023B3EB910F26D09FED1C0A4FEAA5
:10A44000910E21F0030C034693ED001A93ED012ABF
:10A4500093ED023A21EE011A93ED034A30EE010A20
:10A4600022EE021A30EE010A23EE031A30EE010A40
:10A4700024EE041A30EE010ABEF1010E03F11003BE
:10A48000E2D100EB8C0001E09FED080A11F003011E
:10A4900008D000BFB0EC011A013921EE011A30EEEC
:10A4A000010AF7D182ED000A80BD00BF0000000064
:10A4B0000023B3EB920F20D0930800BF90ED001A59
:10A4C00090ED012A90ED023A90ED034A21EE001A38
:10A4D00022EE002A23EE003A24EE004A01F1100C8D
:10A4E000103081ED001A81ED012A81ED023A81EDF3
:10A4F000034A013B6146E1D1614612F0030208BF05
:10A50000704700BFB0EC011A013A21EE001AA1EC2D
:10A51000011AF7D170470000B0B50025B5EB930FD5
:10A5200031D04FEA930C00BF90ED000A91ED001A74
:10A5300000F1100E30EE410A82ED000A90ED010AA2
:10A5400091ED011A01F1100430EE410A82ED010A89
:10A5500090ED020A91ED021A02F1100530EE410A67
:10A5600082ED020A90ED030A91ED031ABCF1010C91
:10A5700030EE410A82ED030A70462A462146D3D1C5
:10A5800021462A46704613F0030308BFB0BD00BF42
:10A59000B0EC010AB1EC011A013B30EE410AA2EC29
:10A5A000010AF5D1B0BD000070B1C18D0C4A5181D6
:10A5B000818D09BA090C5180018E408E09BA00BA0A
:10A5C000090C000C11811082704700BF30B1818DE1
:10A5D000034AD0F82E00918202490861704700BFFB
:10A5E000F42F0020340900207146FCF789F98E46CB
:10A5F0007046FCF72EF886467CBFB0EE410A7047E5
:10A6000001F030BC2DE9F0412DED180B14460D463C
:10A610000646FFF7E9FF2846B0EE409AFFF7E4FF51
:10A62000B0EE408A9FED760AB4EE409AF1EE10FA51
:10A6300004DBB4EE408AF1EE10FA05DAFF25284675
:10A64000BDEC180BBDE8F081B7EE00AA0DAF3046A7
:10A6500003228AEE090A3946FFF72AFF8AEE080A22
:10A660000AAE284603223146FFF722FF09AB3846DF
:10A6700031460322FFF78EFE9DED090AB0EE4A1A1D
:10A68000B4EE4A0AF1EE10FAB8BFB0EE401ABFEECF
:10A69000000AB4EE401AF1EE10FAC8BFB0EE410A5B
:10A6A0008DED090A01F09EF89DED090A9FED551AFE
:10A6B000FCF7A6F807DD00254FF07E50C4E9000541
:10A6C000C4E90255BBE79FED501AFCF799F853DA3D
:10A6D0009DED0D0A9FED4D1A00259FED4D8A0DF160
:10A6E000340808954146B0EEC00AB4EE410AB0EE17
:10A6F0004A0AF1EE10FAB8BFB0EE480A8DED070A2B
:10A70000B0EE480AB8BFB0EE4A0A8DED060A06AEB2
:10A7100005AB03223046FFF73DFE9DED050A02AF73
:10A72000404603223946FFF7C3FE304639463246DB
:10A730000323FFF7F1FE01AA30460321FFF778FE5D
:10A740009DED010AFCF7A9F906DBB1EEC08AB4EE73
:10A75000488AF1EE10FA4DD68AEE080A8DED018A8C
:10A7600006A803220146FFF7A3FE06AA07CAC4E90A
:10A770000212C4E9005062E79DED0F3A9DED0A4ACE
:10A780009DED0D1A9DED0B5A9DED0C6A30EE0A0AF7
:10A790009DED0E2A23EE049A25EE018A22EE06BADA
:10A7A00006EE419AB6EE001A02EE448A03EE45BA6E
:10A7B00020EE011AB1EEC10AB4EE400AF1EE10FA31
:10A7C00013D630EE001A012584ED000A8AEE011A34
:10A7D00028EE012A29EE013A2BEE011A84ED011A26
:10A7E00084ED023A84ED032A29E7B0EE410A01F034
:10A7F00039FBE6E701F036FBB0EE408AACE700BF7C
:10A80000BD378635EFFF7F3FEFFF7FBF6666663F50
:10A81000000000007FB59FED2A1A0D46EA49144654
:10A82000002230EE011A80EE011A0C2A13D08B1888
:10A830008618043293ED052A96ED004A93ED083A06
:10A8400034EE422A82EE002A32EE432A01EE023A28
:10A8500083ED083AE9E700220C2A04D083588E18C9
:10A8600004327361F8E7FCF74BF800210391CDE95E
:10A870000111FBF7EEFE1ED6B6EE000A0020B4EE84
:10A88000401AF1EE10FA0FDD01A90C2812D00A18B7
:10A8900092ED000A2A1892ED001A2218043031EEC7
:10A8A000400A82ED000AF0E70C2803D02958215015
:10A8B0000430F9E77FBD01F0D5FAB0EE401ADBE7CE
:10A8C0000AD7A33C9AB0BF4C04F11800F6F782FAFD
:10A8D000DFF8F492C9F8000008B9F6F7FAFF04F1BE
:10A8E0004400FCF783FA02902046FCF7C9FA9FED7A
:10A8F000B79A019000209FEDB6AA9FEDBD8A1990EE
:10A9000019ACB0EE490AB4EE4A0AF1EE10FA26DAB2
:10A91000D9F8000021460068F6F726F9C8B1DDED48
:10A92000190A0298B0EE480AFCF75CF9B3EE041A73
:10A9300080EE010AB7EE001AFCF7AFF8B8BFB0EE30
:10A94000490AFBF75DFFC8BFB0EE410A0198FCF76A
:10A95000FFFA022000F078F99DED190AD3E79D482F
:10A96000032616909BA0D0E90110CDE9171016AC74
:10A9700066B12046FBF787FD05462046FBF783FDC1
:10A9800005B108B9F6F7A5FF013EF1E700201590E3
:10A99000CDE91300CDE91100CDE90F0090480BACD3
:10A9A00090E80E00C0680E9024200EC400F006FB54
:10A9B000C9F804000BA80121FCF720FB8948DFED52
:10A9C0008ADADFED8AEA8B4CDFED8BBA9FED8B8A5A
:10A9D0000DF1280B09F12C050DF11008F6EE00FA27
:10A9E000FFEE00CA0DF11C0A00680A9001980028C9
:10A9F00018BF01200299002918BF012108400390C7
:10AA000010AF13AE5846F6F7DDFEB5EE400AB0EED5
:10AA10006D1AB0EE6D9AF1EE10FAB4EE6E0AC8BF80
:10AA2000B0EE401AF1EE10FAD8BFB0EE419AD9F864
:10AA30000000002800F0C180F6F702F8D9F8000005
:10AA400000680FA9F6F790F808B3D9F80000DDED1B
:10AA50000F0AC0ED090A0398C8B102989FED640A75
:10AA6000FCF7C0F8B3EE041A80EE010A9FED571A06
:10AA7000FCF713F8B8BFB0EE410AB7EE001AFBF7C7
:10AA8000BFFEC8BFB0EE410A0198FCF761FAD9F8E1
:10AA90000000002200F10C010C2A03D08B58B350A7
:10AAA0000432F9E794F85410183081F0010189F864
:10AAB000681090EC030A2846F7F7FEF907A880EC27
:10AAC000030A00200C2804D05AF800103950043032
:10AAD000F8E738463146B0EE490A4246FFF79AFE9B
:10AAE0009DED040A9DED051A9DED063A9DED11BA06
:10AAF0009DED10AA9DED12CA2046C0EE2B1A81EEE4
:10AB00002B2AC3EE2B2AB0EE4A0AF0EE4B0AB0EE27
:10AB10004C1AB0EE493AF7F7B3F92046F6F7DBFEE8
:10AB2000B0EE6FEAB0EE409A21EE210AB0EE60FA84
:10AB3000F0EE419AB0EE61DA01EE41EA09EE200A48
:10AB4000F0EE4E0A4FEE4F0A00F06EFFF0EE408A34
:10AB500029EE290AF0EE48AA0DEE4F0A30EE000A5F
:10AB6000B4EE6C0AF1EE10FA0CDDB7EE001ADFED70
:10AB700024AA7046FBF744FE864603DA00F0BEFEC8
:10AB8000F0EE40AA2FEE290A0DEE4DEA09EE0D0A6D
:10AB9000F0EE4E0A00F048FF89ED17AA89ED18BAC9
:10ABA00089ED19CAC9ED118AC9ED12AA89ED130AF6
:10ABB00013AA09F1500307CA07C3012000F044F8A3
:10ABC00020E700BF2C000020480900200000000002
:10ABD00000001E42050000000000484200007A44C8
:10ABE00050C90008041000E06F12833A0AD7233CD2
:10ABF00000002042BC2200200AE81C41DB0FC9BF34
:10AC0000DB0FC93FF8F7E2F9FDF714FAFAF7D6FCC3
:10AC1000FAF750FCFAF72AFCFAF73AFCFAF7AEFE1C
:10AC2000FAF70CFEFAF7C8FEFAF778FEFAF794FD89
:10AC3000FAF7B0FDFAF7D2FDA820F6F79FFCFAF775
:10AC400071FC00F009F8FEE780B5002808BF01207C
:10AC500000F092FB002080BD80B500F0AFFB00202B
:10AC600080BDF0B585B045690B467DB186696EB192
:10AC7000D0E900140269008907B2843818BFF81CB3
:10AC80008DE86100204600F099FC12E0028AD0E9CC
:10AC90000014008904AD06B2843818BFF01CCDE959
:10ACA0000005204600F05EFC01460498012918BF0B
:10ACB000002005B0F0BD0000F8B5B44C05460E46C6
:10ACC0000021E769206880F852102068043000F005
:10ACD00079FA40B920680121C06A01FA00F0616880
:10ACE00021EA00006060681C08D13EB154F8500BA6
:10ACF000011D2046BDE8F84000F0A7BA2068ED1914
:10AD0000456006D3606A21680431BDE8F84000F070
:10AD100085BA206A2168043100F080FAE06A854231
:10AD200038BFE562F8BD00BF2DE9F041FBF722FE18
:10AD3000964F386901303861386840B1786940BB56
:10AD4000E06A3968C96A814298BF3C6021E03C6092
:10AD5000386901281DD1434E00258C2D04D070196F
:10AD600000F04EFA1435F8E7DFF86C801B4D4046D2
:10AD7000A84708F114063046A84707F16400A84721
:10AD800007F13C00A84707F15000A847C7F820800A
:10AD90007E627868B96801220131B960E16A8A404F
:10ADA0001043786001EB81002E4901EB8000211DEA
:10ADB00000F04BFA00F07CFA786958B1E06A396823
:10ADC000C96A814206D22848FBF796FDBFF34F8F30
:10ADD000BFF36F8FBDE8F0810C09002001B20008BD
:10ADE00010B5044690F85100022808BF10BD012894
:10ADF00003D038B9206B00F071FA2046BDE810404E
:10AE000000F06CBA4FF0500080F31188BFF36F8FE1
:10AE1000BFF34F8FFEE700005C4D124E124F4FF014
:10AE20008058E86890B100F027FAA86CC468201D2B
:10AE300000F0C8F9286901382861E8680138E8603D
:10AE400000F036FA2046FFF7CBFFEAE73068022829
:10AE5000E7D3C7F800803846BFF34F8FBFF36F8F3B
:10AE6000DFE700BF682F002004ED00E02DE9F04788
:10AE70000A9C82460F4616469100A5229846206BF2
:10AE8000F5F701FB206BDDE9085900EB860004387B
:10AE900020F0070677B104F134000021102905D015
:10AEA0007A5C42547A5C0131002AF7D1002084F8A0
:10AEB000430002E0002084F834000027062D28BF5C
:10AEC0000625C4E91157E562201D00F0A4F904F13C
:10AED000180000F0A0F985F00700E76451464246EB
:10AEE00084F85270A061304684F850706462246126
:10AEF00000F0FEF82060B9F1000F18BFC9F800405B
:10AF0000BDE8F08770B5784B03F11802114612685E
:10AF10008242FBD34D6844684E19864202D12C44CC
:10AF200008464C600519954201D0134606E05B685F
:10AF30009A42FAD0D2E90032224442600360814250
:10AF400018BF086070BD00BF08480068006880F343
:10AF500008884FF0000080F3148862B661B6BFF332
:10AF60004F8FBFF36F8F00DF00BF00BF08ED00E021
:10AF70000648016A096821B1016AC968C968496857
:10AF800001E04FF0FF31C162704700BF440600206E
:10AF900081B000200090D04800684FF0500181F34C
:10AFA0001188BFF36F8FBFF34F8F013000D0FEE7E2
:10AFB00000980028FCD001B0704700BFF8B50446E7
:10AFC00000F02CFAE14D686828B12878002818BFF5
:10AFD0004FF0004023E045490020CB1D11F007024F
:10AFE0000E4623F0070318BF1E46C5E90660C91ABE
:10AFF0004FF47053002A18BF01F57053F118083947
:10B0000021F007016960C1E90000881B6968706070
:10B01000C5E902000120316028704FF00040204255
:10B020000FD0002400F06CFB600704BF2046F8BD81
:10B030004FF0500080F31188BFF36F8FBFF34F8F35
:10B04000FEE7002CEDD014F0070004F108010DD04C
:10B05000081A00F10801480708D04FF0500080F3AB
:10B060001188BFF36F8FBFF34F8FFEE70029D8D051
:10B07000AA689142D5D82E4656F8184F60683346D4
:10B080002646884202D23468002CF7D16C68A6426A
:10B09000C7D037681C681F60431A112B11D3701872
:10B0A000420708D04FF0500080F31188BFF36F8F34
:10B0B000BFF34F8FFEE743607160FFF723FFAA687D
:10B0C0007068111AEA680834A960914238BFE960D3
:10B0D0002978002918BF40F000400021C6E900107F
:10B0E0002869013028619DE7BC06002060300020FF
:10B0F000B0B5074C4FF080736FF0020521F00101ED
:10B1000040E9095240F8043C40E903414438B0BDED
:10B1100091AF0008002851D0F0B50178427862F371
:10B120000A21274A1180A1F5806143788478DB08E1
:10B1300064F34A135380A3F580638478C578AD0027
:10B1400045EA9414057905F0010544EA85249480C4
:10B15000A4F58064057946796D0866F3CA15D58033
:10B16000A5F580654679C6F3011696724679B6094B
:10B17000D6728679C77946EA0726D681067A477A53
:10B1800046EA07261682867AC77A46EA0726568254
:10B19000067B1675467B5675867BC77BD58046EA4F
:10B1A0000726D682057C407C94805380118045EA36
:10B1B0000020A0F580601081BDE8F040704700BF1E
:10B1C000F42F0020D0E9013201699A60826853604F
:10B1D0004B68834208BF4A600A68013A0A6000224D
:10B1E0000261086870470000034B03608020106014
:10B1F00002480860704700BF906E0020906C0020ED
:10B200000021024601604FF0FF3142F8081FC0E9FB
:10B21000032242607047002101617047B0B50C689D
:10B22000621C07D000F10802134652681568A54257
:10B23000FAD901E003695A689160C1E90123086104
:10B240005960016801310160B0BD10B50268436802
:10B2500008619C680132C1E9013402609868996014
:10B26000416010BDDFF80C00016841F4700101601D
:10B27000704700BF88ED00E04FF0500080F3118868
:10B28000BFF36F8FBFF34F8FB44801684A1C026051
:10B2900001B17047484800680006FAD04FF05000EE
:10B2A00080F31188BFF36F8FBFF34F8FFEE700BFAE
:10B2B000AA48016819B10139016009D070474FF0FF
:10B2C000500080F31188BFF36F8FBFF34F8FFEE7FD
:10B2D000002080F311887047C405002070B5B8B114
:10B2E0001A4E044650F8040C3178002918BF4FF06C
:10B2F000004101420DD0A4F108052A6892B14FF037
:10B30000500080F31188BFF36F8FBFF34F8FFEE7BC
:10B3100070BD4FF0500080F31188BFF36F8FBFF303
:10B320004F8FFEE7884344F8040C00F077F854F898
:10B33000040CB1680844B0602846FFF7E3FD70696B
:10B3400001307061BDE8704000F0DAB9BC06002041
:10B35000074800214FF47A7201608160054909684D
:10B36000B1FBF2F10139416007210160704700BF74
:10B3700010E000E0BC00002080B5A8B1DF498A6978
:10B3800042B14FF0500080F31188BFF36F8FBFF3CD
:10B390004F8FFEE78A6901328A610021FFF78CFC3A
:10B3A00000F0AEF900B180BD0348FBF7A5FABFF38A
:10B3B0004F8FBFF36F8F80BD04ED00E010B586B0F6
:10B3C0000024CDE9044405A804A903AAFFF70CFF53
:10B3D000DDE9032005990023CDE900400C480291E6
:10B3E0000CA100F0EBF8F249886278B14FF0500000
:10B3F00080F31188BFF36F8FBFF34F8F4FF0FF3093
:10B40000C86201204861CC6100F03AF806B010BD76
:10B4100019AE000849444C4500000000E448816929
:10B4200001318161704700BFE148816911B101219B
:10B43000016370470021DF4A01634168B1FA81F17D
:10B44000C9B2C1F11F0101EB810152F821306BB18A
:10B4500002EB810252F8041F4968131D99421160E2
:10B4600001D149681160C968016070474FF0500010
:10B4700080F31188BFF36F8FBFF34F8FFEE700BFDC
:10B480001CB53248324902684B1C9A4208D14FF031
:10B49000500080F31188BFF36F8FBFF34F8FFEE72B
:10B4A00002688A4208D14FF0500080F31188BFF340
:10B4B0006F8FBFF34F8FFEE726490724425C01924E
:10B4C000FF224254244A435C54608DF803309DF8B7
:10B4D000033003F05003137006239DF90340B4F1C9
:10B4E000FF3F07DC5360013B9DF8034064008DF88B
:10B4F0000340F2E7022B20D14FF440735360019ACE
:10B500004254016A41F470010162016A41F07041E4
:10B510000162FFF71DFF114800210160FFF7A2FE45
:10B520000F48016841F040410160FFF70DFDFFF752
:10B530007BFFFFF72DFD00201CBD4FF0500080F376
:10B540001188BFF36F8FBFF34F8FFEE700ED00E070
:10B5500070C20F4100F7FFFFDC060020C405002089
:10B5600034EF00E02DE9FE4307469000984615466B
:10B570008946FFF723FDE8B106465420FFF71EFD7C
:10B58000A8B10446DDE90A100022434684F85120A0
:10B5900026632A460294CDE9001038464946FFF753
:10B5A00065FC2046FFF7C0FB0120BDE8FE83304666
:10B5B000FFF794FE4FF0FF30BDE8FE83F0B585B095
:10B5C0000B9DC5B10C9CFCB154260396039E542ED2
:10B5D00023D1039F0A9E2563022784F8517004AD8E
:10B5E0000294CDE90065FFF741FC2046FFF79CFB84
:10B5F000049805B0F0BD4FF0500080F31188BFF300
:10B600006F8FBFF34F8FFEE74FF0500080F311882C
:10B61000BFF36F8FBFF34F8FFEE74FF0500080F303
:10B620001188BFF36F8FBFF34F8FFEE72DE9F0470F
:10B630005F4EB06920B1706B00240130706359E037
:10B64000F06910F1010AC6F81CA014D3306A006832
:10B6500040B14FF0500080F31188BFF36F8FBFF3FC
:10B660004F8FFEE7306A716A31627062B06B0130F1
:10B67000B063FFF77DFCF06A002482452CD3DFF82D
:10B6800034914FF00108306A006810B3306AC06826
:10B69000C7683D4655F8040F82451CD32846FFF77E
:10B6A00091FDB86A18B107F11800FFF78BFDF86A31
:10B6B000726808FA00F100EB8000114309EB80008A
:10B6C0007160FBF79AF9F86AFBF727FA28BF44463E
:10B6D000D9E74FF0FF30F06230683649C06A00EBBE
:10B6E000800051F82000012888BF0124306B002819
:10B6F00018BF01242046BDE8F08700BF44060020A3
:10B700002DE9F0412A4DA86960B1FFF7B5FDA869A0
:10B710000138A861A86970B10024FFF7C9FD20466F
:10B72000BDE8F0814FF0500080F31188BFF36F8FB8
:10B73000BFF34F8FFEE728690028EDD0DFF8748053
:10B7400000260127686EC0B1286FC66806F1180090
:10B75000FFF738FD341DFAF7E3FFF06AFAF7ABFFA5
:10B7600008EB800069602146FFF76FFDF06A2968E9
:10B77000C96A884228BF2F63E4E70EB1FFF7F8FBE0
:10B780006C6B44B10126FFF751FF00B12E63013C01
:10B79000F9D100206863286B0028BDD006484FF01F
:10B7A000805101240160BFF34F8FBFF36F8FB4E767
:10B7B00044060020682F002004ED00E0410008024C
:10B7C00018BF04200A0E18BF40F001004FF07F425E
:10B7D00032EA010108BF40F00200012808BF05203D
:10B7E0007047000010B510EE104A4FF01A402DEDD2
:10B7F000028B00EB4400B0F1C85F4AD84FF0FC4028
:10B80000B0EB440F22D2B0EEC00AF7EE000A30EEE1
:10B81000C00AF6EE000A20EE208A18EE100A00F0A8
:10B82000FFFB00EE100A14F0004F1DBF9FED281A19
:10B83000DFED280AB1EE400A9FED271A08BFF0EEAF
:10B84000410AF8EE001A20EE210A05E020EE008AF7
:10B850009FED221ADFED220ADFED221A9FED222A48
:10B8600070EEC00A20EE080A08EE212ADFED1F1A4A
:10B8700048EE021A9FED1E2A08EE212ADFED1D1A5E
:10B8800048EE021ABDEC028B40EE610A30EE810AEE
:10B8900010BD4FF0CC40B0EB440F82BF9FED160AB5
:10B8A000BDEC028B10BD4FF07F40B0EB440F05D2D2
:10B8B000BDEC028BBDE8104000F0F1BA0120F4F7B6
:10B8C0003BFEBDEC028BBDE8104000F0EFBA00007B
:10B8D0000000494022AA7D3A000000000000C93F54
:10B8E00022AAFD3924FE1C3DC78AD83C1E67383D7C
:10B8F0001B93993DAFAA2A3EDB0FC93F10B54FF00D
:10B900000E402DED028BB0EE408A18EE104A00EB8F
:10B910004400B0F1506F4AD84FF0FC40B0EB440FF8
:10B9200022D2B0EEC80AF7EE000A30EEC00AF6EEF8
:10B93000000A60EE208A18EE900A00F071FB01EE1A
:10B94000100A14F0004F1DBFDFED2D0A9FED2D0AE8
:10B95000B1EE411ADFED2C0A08BF9FED2C0AF8EE7C
:10B96000001A21EE218A05E0DFED290A68EE088A37
:10B97000B0EE600A9FED271ADFED271A30EE080AB5
:10B9800048EE811A9FED251A08EEA11ADFED241A60
:10B9900048EE811A9FED231A08EEA11A68EE281AC4
:10B9A000BDEC028B01EE810A30EE200A10BD4FF093
:10B9B000E440B0EB440F0CD918EE100AFFF7FEFE7E
:10B9C000042808BF00F07AFAB0EE480ABDEC028BFA
:10B9D00010BD4FF07F40B0EB440F07D2B0EE480AE5
:10B9E000BDEC028BBDE8104000F059BA0120F4F71D
:10B9F000A3FDBDEC028BBDE8104000F057BA00007B
:10BA00000000C9BF22AAFDB90000C93F22AAFD3922
:10BA10000000000024FE1C3DC78AD83C1E67383D4C
:10BA20001B93993DAFAA2A3E70B54FF068422DEDA9
:10BA3000048BF0EE408A18EE900AB0EE608A18EEA1
:10BA4000101A02EB4003B3F1654F3CBF02EB410219
:10BA5000B2F1654F7DD200BFC0F3C753C1F3C752E7
:10BA60009A1A1B2A09DD10F0004F14BF9FED830ABC
:10BA70009FED830ABDEC048B70BD12F11A0F36DA0C
:10BA800011F0004F09D010F0004F0CBF9FED7D0A60
:10BA90009FED7D0ABDEC048B70BD88EE889A19EE8F
:10BAA000100AFFF78BFE042808BF00F007FA18EE13
:10BAB000900AFFF783FE054618EE100AFFF77EFE98
:10BAC000044619EE100AFFF779FE042D18BF052D64
:10BAD00008D1042C18BF052C04D1002804BF022073
:10BAE000F4F72AFDB0EE490ABDEC048B70BD4200AC
:10BAF000B2EB410F3AD910F0004F19BFDFED630AE6
:10BB00009FED630ADFED630A9FED630AB0EE481A0A
:10BB10000A46B1EE688A80F00041F0EE418A104694
:10BB20000A1A5200B2F1807F34D2484010F0004F20
:10BB3000DFED5A1A9FED5A2A1DBFBEEE001A70EEB5
:10BB4000E10A30EE420AB6EE001A08BF70EEA10A12
:10BB500000E040E008BF30EE020AB0EE682A01EED5
:10BB6000482A08EE818AC2EE081A15E011F0004F4B
:10BB700004BF9FED4C0AF0EE400AD1D010F0004F08
:10BB800019BFDFED490A9FED490ADFED490A9FED34
:10BB9000490AC5E7C8EE881A21EEA11A9FED462A88
:10BBA000DFED462A41EE022A9FED452A01EE222AC8
:10BBB000DFED442A41EE022A9FED432ABDEC048BBF
:10BBC00001EE222A21EE811A01EE020A30EE210A4C
:10BBD00030EE200A70BD4FF07F42B2EB400F28BF1D
:10BBE000B2EB410F09D2F0EE480AB0EE680ABDECA4
:10BBF000048BBDE8704000F055B940EA01035B00DA
:10BC000008BF41F0FF410BD0B2EB400F08BFB2EBD1
:10BC1000410F08D120F0804008EE900A21F08041C9
:10BC200008EE101A18E7B2EB400F12BF5FEA4103AB
:10BC300040F0FF4001F000413FF40EAFB2EB410F86
:10BC400012BF5FEA400200F0004041F0FF413FF4C4
:10BC500003AF4A0092EA40033FF5FEAE002AACBFB4
:10BC60009FED1A0A9FED1A0A68EE808A28EE008A74
:10BC700018EE900A18EE101AEEE60000DB0FC9BFAE
:10BC8000DB0FC93FDB0F4940DB0F49C00000C9BFD4
:10BC900022AAFDB90000C93F22AAFD390060ED3E8D
:10BCA000C30ACE3700000000000049C022AA7DBAB6
:10BCB0000000494022AA7D3A2DAD65BD8FB8D53D23
:10BCC0000FB511BE61C84C3EA8AAAABE0000804FA5
:10BCD0000000802F00B510EE101A2DED028B81B000
:10BCE000524A6846B2EB410F2ED94FF0E640B0EB16
:10BCF000410F94BF00204FF0FF3000900098B0EE4D
:10BD0000408A00286ADB10F0010F4BD068EE080A69
:10BD10009FED471A9FED470A00EE810A9FED461AF4
:10BD200010F0020F00EE801AB7EE000A00EE810A52
:10BD300002BF01B0BDEC028B00BD00BF01B0B1EE8F
:10BD4000400ABDEC028B00BD3C4B21F00042934207
:10BD500041D911F0004FDFED3A0A20EE201ADFED55
:10BD6000390A19BF31EE601A71EE200A31EE201A3D
:10BD700071EE600ABDEEE01A11EE100A9FED321A64
:10BD800000F0030000EEC10A9FED301A009000EEB3
:10BD9000C10A9FED2F1A00EEC10A9FED2E1A00EE88
:10BDA000C10AABE728EE080A9FED2B1ADFED2B0A3C
:10BDB00010F0020F40EE010A9FED291A00EE201A42
:10BDC00061EE000AB0EE480A08EE200AB6D101B0D2
:10BDD000BDEC028B00BD00F079F88FE718EE100A79
:10BDE0004000B0F17F4F0DD218EE100AFFF7E6FCCD
:10BDF000042808BF00F062F8B0EE480A01B0BDECBC
:10BE0000028B00BD09D10120F4F796FB01B0BDEC17
:10BE1000028B5DF804EB00F049B801B0B0EE480ABF
:10BE2000BDEC028B5DF804EB00F039B8B61F927ED2
:10BE3000B93AB2BACA9F2A3DDDFFFFBE490E494654
:10BE400083F9223F0000004B0000C93F00A0FD39EC
:10BE50000020A2331A61342C336D4CB9DA82083CCD
:10BE6000A0AA2ABE10B52DED028BB1EEC08A18EE45
:10BE7000100A20F00040C0F1FF40C00F0AD010EEC1
:10BE8000100A20F00040C0F1FF40C00F04BF0120A5
:10BE9000F4F752FBB0EE480ABDEC028B10BD30EE59
:10BEA000000A704730EE200A70470000DFED020AFA
:10BEB00080EEA00A70470000000000009FED020A1B
:10BEC00020EE000A70470000000000102DE9F0018C
:10BED0004FF07F42B2EB410F9FBF4FF0FF31016047
:10BEE000BDE8F00170474FF0004242EA0123C1F380
:10BEF000C752783A551112F01F0C434CCCF1200672
:10BF00007C44C1F3C752A2F178024FEA621204EBFB
:10BF1000820254F8254008BFD2E9015612D0556874
:10BF200004FA0CF425FA06F73C43976805FA0CF579
:10BF300027FA06F8D26807FA0CFCF24045EA080531
:10BF40004CEA0206A4FB034CA5FB0352A6FB0363C9
:10BF50001D449D4234BF012600261319334416B1F7
:10BF6000934202D903E0934201D2012200E0002271
:10BF7000624402F1200C9206DC0C42EA443200EEEC
:10BF8000102A5B03DFED210AF8EEC01A00EE103A2A
:10BF90004FEA9C1C11F0004FB8EE400AC0F800C0F8
:10BFA00020EE201A00EE105ADFED190AB8EE400A12
:10BFB00020EE200A71EE810A70EE800A10EE902ABF
:10BFC00002F500626FF30B0200EE902A70EEE11AA8
:10BFD00031EEC11ADFED101A30EE411A9FED0D0A55
:10BFE00020EE800A01EE210A9FED0C1A00EE810A74
:10BFF00004BFBDE8F0017047CCF180510160BDE89D
:10C00000F001B1EE400A7047500900000000003610
:10C010000000802C22AAFD29DB0FC92F0000C92FA8
:10C0200010B500EE100A2DED028BB1EEC08A18EEAD
:10C03000100A20F00040C0F1FF40C00F0AD010EEFF
:10C04000100A20F00040C0F1FF40C00F04BF0120E3
:10C05000F4F772FA18EE100ABDEC028B10BD000066
:10C0600021F0004201F00043A2F16052B2F5801FBE
:10C0700028BFD2F17F6C0BD95FEA001C43EAC202F1
:10C0800042EB507018BF704728BF20F00100704786
:10C09000B2F5801FBCBF184670474FEA410C1CF533
:10C0A000001F02D2084600F0CFBB70B500F00CFABA
:10C0B00000000089FFF7F6BF4FF00040A0F58000B8
:10C0C0007047000010B591EA030F48BF83F00043AA
:10C0D00000F15682841A71EB030C05D2121943EB5E
:10C0E0000C03001B61EB0C014FEA1154A4EB135C31
:10C0F000DFF81CE11EEA430F18BF9EEA445F00F020
:10C10000748021EA045123EA0E0343F48013DCF126
:10C11000200E32D322FA0CFE10EB0E0023FA0CFE96
:10C1200041EB0E01CCF1200E03FA0EFE10EB0E00D7
:10C13000CCF1200E51F10001B1F5801F32D201EB9C
:10C14000045112FA0EF2BDE8104058BF7047401C6F
:10C1500038BF5FEA420218BF7047002814BF20F0C2
:10C16000010041F100014FEA410313F5001F38BF00
:10C170007047A1F1C04100F0F5B9012A43EB030279
:10C18000ACF1200CDCF11F0E32BF4FF0000E23FA91
:10C190000CF310EB030041EB0451B4EB115FD0D072
:10C1A000A1EB045101F58011490801EB04515FEA4C
:10C1B00030000ED350F1000038BF12FA0EFE08D145
:10C1C000BDE81040C9E7401C38BF5FEA4202CAD14F
:10C1D000C3E7BDE810404FEA410313F5001F38BF25
:10C1E0007047A1F1C04100F0BDB99EEA445F08D09C
:10C1F00011EA5E0FBDE8104004BF01F000410020CD
:10C200007047BDE8104070B500F05EF964FBBE3EBB
:10C210000000E0FF2DE9C04130B4DFF8A4C23CEAE1
:10C22000111418BF3CEA131400F0ED801CEA11143D
:10C2300081EA030544EAD57418BF1CEA131500F01F
:10C24000C880A4EB050404F17F7404F500344FF0BA
:10C25000004545EAC12145EAC32341EA505143EA7A
:10C2600052534FEAC0204FEAC222994208BF90427F
:10C2700000F09D804FEA13650FF24416765D4FEA99
:10C28000134506FB05F7C7F1807706FB07F74FEA72
:10C29000D737A7FB03687642A7FB06CEC8F58038E0
:10C2A00038BFA8F1010807FB08E6A6FB028C4FF097
:10C2B000000EE6FB03CEDCF1000CCEF1004E38BFE1
:10C2C000AEF1010EA6FB0C584FF00007E6FB0E87FF
:10C2D000A1FB08C6A0FB07CE16EB0E064FF000052B
:10C2E00045F10005E1FB076515F1E04E7EBFA4F5C1
:10C2F00080345FEA46066D4116F1800745F100057E
:10C300004FEA172747EA05674FEA15254FEA066601
:10C31000A6F1DE46B6F1805F20D9384605EBC47140
:10C3200024F0010C01EB0C11BCF1FE6F02D8F0BC43
:10C33000BDE8008124425CBF01F5801E9EEAC47FF7
:10C3400002D4F0BCBDE80081244200F13980A1F1A3
:10C35000C041F0BCBDE8004100F004B94FEAD02074
:10C3600040EA41504FEAD1214FEAD22242EA4352F9
:10C370004FEAD323A7FB028607FB036605FB026691
:10C380001EEA0E0F58BFA6EB0056B6EB00564FEA5A
:10C39000520E4EEAC37E18EB0E0E56EB530EBCD572
:10C3A00018EB02085E417F1C55F10005B5E74FF41C
:10C3B00080154FF000074FF000064FF00008ACE783
:10C3C00001F1C04101F000414FF00000F0BCBDE8B8
:10C3D00000810CEA131511EA0C1F00D00CE013EADF
:10C3E0000C1F00F026804FF0000081EA030101F0ED
:10C3F0000041F0BCBDE80081F0BCBDE8004181EA2D
:10C40000030100F0AFB8F0BCBDE8004170B500F02A
:10C410005BF800BF097EFC3E00F007B84FF000005B
:10C4200081EA030101F00041704781EA030100F055
:10C4300099B8F0BCBDE8004122494FF000007047B8
:10C44000FFFDFBF9F7F5F4F2F0EEEDEBE9E8E6E4D9
:10C45000E3E1E0DEDDDBDAD8D7D5D4D3D1D0CFCD60
:10C46000CCCBCAC8C7C6C5C4C2C1C0BFBEBDBCBB99
:10C47000BAB9B8B7B6B5B4B3B2B1B0AFAEADACAB94
:10C48000AAA9A8A8A7A6A5A4A3A3A2A1A09F9F9E6E
:10C490009D9C9C9B9A999998979796959594939320
:10C4A000929191908F8F8E8E8D8C8C8B8B8A8989B7
:10C4B000888887878685858484838382828181803A
:10C4C0000000FF070000F87F0EF1020E2EF0030EB1
:10C4D0005EF8046B364205D4012A43EB030515F5DB
:10C4E000001F12D8012841EB010C1CF5001F0CD8CD
:10C4F0000ED14FEAD17C0CEB4C0C0CF1020C15F573
:10C50000001F08BF4CEBD37C04E04FF0080C01E0A7
:10C510004FEAD37C0CEB4C0526FA05F606F007062D
:10C52000B6F1040C06D20EEB860CBDE870404CF060
:10C53000010C6047DFE80CF0090B02024FF00041EC
:10C54000A1F500214FF0000070BD194610460128EA
:10C5500051EB010418BFD4F5001484BF002001F092
:10C56000004170BD0808A0F500114FEA3101704785
:10C5700010B591EA030F48BF83F000433FF5AAAD21
:10C58000841A71EB030C07D28CF0004C121943EBA8
:10C590000C03001B61EB0C014FEA1154A4EB135C7C
:10C5A000DFF8A4E11EEA430F18BF9EEA445F00F0E3
:10C5B000B48021EA045123EA6E035242C3EB6E03B6
:10C5C00038BF5B1EDCF1200E25D322FA0CFE10EBE7
:10C5D0000E0043FA0CFE41EB0E01CCF1200E03FAE3
:10C5E0000EFE10EB0E00CCF1200E51F1000129D40B
:10C5F00001EB045112FA0EF2BDE8104058BF70472B
:10C60000401C1CBFB2F1004F704700280CBF491CF2
:10C6100020F00100704712EB020E43EB030218BF3B
:10C620004FF0010E4EEA4202ACF1200CDCF11E0E7E
:10C6300056D943FA0CFE10EB0E00CCF11E0E51F150
:10C64000FF31D5D50EF1010E12FA0EFE404141EB3D
:10C65000010101EB445C5FEA5C5C10D901EB045121
:10C6600010EBDE7038BFBEF1004FBDE8104018BFC0
:10C67000704700280CBF491C20F00100704734D2DD
:10C680004FEAD42C24F4006411F500111BD0B1FA48
:10C6900081F20B3AA41AA41ED2F12003914030FA81
:10C6A00003F31943904001EBCC7101EB0451002CD2
:10C6B000BDE81040A8BF704701F1C04101F0004142
:10C6C0004FF000007047B0FA80F310FA03F102D186
:10C6D000BDE810407047E41A173C4805C90AE2E774
:10C6E00001EB0451BDE81040704749104FEA30009B
:10C6F00001EB0451BDE8104002E04FF0000170472B
:10C700004A0008BF0042F8D0B2F5001F28BF7047AA
:10C7100001F000414FF0000070479EEA445F07D0EF
:10C7200011EA5E0FBDE8104004BF002100207047F1
:10C73000BDE8104070B5FFF7C7FE00BF40DFF63E12
:10C74000104683F0004170470000E0FF43004FEACD
:10C75000D30C4FEA3C0C43401FBF40070CF1605123
:10C7600013F0FE4F70471CF0006F03D10CF0004136
:10C77000002070470CF0004343EA507040EACC00C0
:10C7800010B500F00EF800BF000000924FEA000163
:10C79000FFF7E8BE4FF00041A1F500214FF0000087
:10C7A00070470EF1020E2EF0030E5EF8044B244289
:10C7B00004D44FEA4102B2F17F4F11D84FEA40034F
:10C7C000B3F17F4F0CD80ED14FEAD07C0CEB4C0C60
:10C7D0000CF1020CB2F17F4F08BF4CEBD17C04E0AE
:10C7E0004FF0080C01E04FEAD17C0CEB4C0324FA2B
:10C7F00003F404F00704B4F1040C06D20EEB840C2D
:10C80000BDE810404CF0010C6047DFE80CF0070871
:10C8100002024FF00040A0F5800010BD0846420023
:10C8200018BFD2F1807288BF00F0004010BDF1EE59
:10C83000100A4FF6FF71C0F2C03120EA010040F04B
:10C840004070E1EE100A7047FF2141EAD050C00568
:10C8500070470000000000006E83F9A22915444EC5
:10C86000D15727FCC0DD34F5999562DB4190433CFC
:10C87000AB6351FE99C9000893530008FDFF000007
:10C8800000000000000100000000000000000000A7
:10C890008DC90008FD7F00080000000000000000B6
:10C8A00080000000000000000000000060C90008D7
:10C8B000551F00080200000000000000800000007A
:10C8C000000000000000000069C90008997A000813
:10C8D000FDFF0000000000008000000000000000DC
:10C8E0000000000072C90008590F0008FDFF000099
:10C8F00000000000800000000000000000000000B8
:10C900007BC90008015D0008FDFF00000000000079
:10C9100080000000000000000000000084C9000842
:10C92000C5A800080200000000000000000100008F
:10C9300000000000000000000000000000000000F7
:10C9400001020304060708090000000001020304B5
:10C950000000803F00000000000000000000000018
:10C960006D795461736B3032006D795461736B3043
:10C9700033006D795461736B3035006D7954617398
:10C980006B3036006D795461736B303700646566C7
:10C9900061756C745461736B00496E7300546572F9
:10C9A0006D696E616C00453A00503A00573A001BC1
:10C9B0005B306D001B5B313B33316D001B5B313BEA
:10C9C00033326D001B5B313B33336D002020257308
:10C9D000257343616E203A205265676973746572EE
:10C9E000204661696C65642C20436F6E6669672020
:10C9F0006973204E554C4C0D0A2573002020257379
:10CA000025732573203A2043616E31205265676992
:10CA100073746572205375636365737366756C6CAC
:10CA2000792C2054782049443A3078253033582CDA
:10CA30002052782049443A3078253033580D0A2561
:10CA400073002020257325732573203A2043616EDF
:10CA5000322052656769737465722053756363652C
:10CA6000737366756C6C792C2054782049443A3085
:10CA700078253033582C2052782049443A30782594
:10CA80003033580D0A257300202025732573257334
:10CA9000203A2043616E3120526567697374657274
:10CAA000204661696C65642C204D61782052656771
:10CAB000697374657220436F756E7420526561638B
:10CAC0006865640D0A25730020202573257325737E
:10CAD000203A2043616E3220526567697374657233
:10CAE000204661696C65642C204D61782052656731
:10CAF000697374657220436F756E7420526561634B
:10CB00006865640D0A257300202025732573434151
:10CB10004E3120537461727473204661696C656490
:10CB20000D0A25730020202573257343414E3220C2
:10CB3000537461727473204661696C65640D0A25D3
:10CB4000730020202573257343616E205472616E3B
:10CB5000736D6974204661696C65642C204E6F208A
:10CB60004D61696C626F7820467265650D0A2573A8
:10CB70000020202573257343616E203A205265679B
:10CB80006973746572204661696C65642C20436F1B
:10CB90006E66696720697320496E636F6D706C659E
:10CBA00074650D0A25730020202573257343414EBB
:10CBB00031204649464F3020496E74657272757057
:10CBC00074696F6E20436F6E666967204572726F7D
:10CBD000720D0A25730020202573257343414E32C0
:10CBE000204649464F3020496E74657272757074E4
:10CBF000696F6E20436F6E666967204572726F724F
:10CC00000D0A25730020202573257343414E3120E2
:10CC10004649464F3120496E746572727570746969
:10CC20006F6E20436F6E666967204572726F720D7A
:10CC30000A25730020202573257343414E32204678
:10CC400049464F3120496E74657272757074696F10
:10CC50006E20436F6E666967204572726F720D0AAF
:10CC60002573002020257325732573203A20436106
:10CC70006E31205265676973746572204661696C14
:10CC800065642C2052782049442030782530335870
:10CC900020416C7265616479204578697374730D05
:10CCA0000A2573002020257325732573203A20431D
:10CCB000616E3220526567697374657220466169DE
:10CCC0006C65642C2052782049442030782530331C
:10CCD0005820416C7265616479204578697374737A
:10CCE0000D0A25730020202573257343616E2053A0
:10CCF00065727669636520496E6974207375636334
:10CD000065737366756C6C790D0A25730020202598
:10CD100073257343616E20496E6974207375636374
:10CD200065737366756C6C790D0A25730020202578
:10CD30007325732573203A2043616E20526567691D
:10CD400073746572204661696C65642C204E6F2097
:10CD50004D656D6F72790D0A257300310020202515
:10CD60007325735061636B657420726563656976C2
:10CD700065643A20656E642062797465203D2030D8
:10CD80007825303258202873686F756C642062658E
:10CD9000202765273D30783635290D0A2573002078
:10CDA000202573257356616C6964207061636B651F
:10CDB000742072656365697665642C20747970658A
:10CDC000203D203078253032580D0A2573000000B0
:10CDD000F0CD000800000020C8050000C4010008D4
:10CDE000A8CF0008C8050020206F0000200200081E
:10CDF00032013210135BCD15080201031403A9A5FB
:10CE0000420839115E03030203CD112113F82D42AC
:10CE100020C50AD7A33C3A5818140240101308083A
:10CE20004BC90B2F3915AD0402400115296E0312B1
:10CE30007041237A44FAA01813458C1B0871041A18
:10CE40007D041AA1041ACD041A29041A5104294A8E
:10CE5000111324F41B49890C12884C08918A621A18
:10CE60005D0C1355871B08C304C11AD5181AA104F9
:10CE70001A0D301A9508140902431302011DC0321D
:10CE80000904971A020B130524161001052401103A
:10CE9000090104240202052406170107058203087C
:10CEA000151009040133020A2E0705010240072A62
:10CEB000810711130A06320219E3211A1223130201
:10CEC000021E4083044057591B02031513DD0E1B3D
:10CED00008D9041AD5041AFD0413290F00081808EC
:10CEE000040309041A035AFF015AFC085AFD085AA0
:10CEF000FE080220FB73A0B0135BCD2A0898211B0B
:10CF000048411719041AE00423C8421A20081119CD
:10CF1000BF53803F130212D2221A8C24A11CDC0FB3
:10CF2000C92C1A40042AA0F3F1E72041F4FD543D36
:10CF30001AC0283964D12990411CD00F49201AF019
:10CF40002029240912901211D221292C39DB398091
:10CF5000899011F96418086666263F295C8F904A0B
:10CF6000C04C616930011459284DE0408813A45326
:10CF700001011201A4020102599C0129E720429AF1
:10CF800099993E13E1440410401C46C9740A710289
:10CF9000740A7103740A6F04740C71FF0105740A3A
:08CFA0006306741AAA010000E7
:040000050800018965
:00000001FF
